date,adj_close,volume,ticker
2024-08-21,37.82304000854492,33751100,BAC
2024-08-22,38.30132293701172,35421600,BAC
2024-08-23,38.818641662597656,45616600,BAC
2024-08-26,38.965049743652344,44659500,BAC
2024-08-27,38.721031188964844,32323900,BAC
2024-08-28,38.99433517456055,40700500,BAC
2024-08-29,39.209068298339844,34810800,BAC
2024-08-30,39.77519989013672,49098200,BAC
2024-09-03,39.72639846801758,48489300,BAC
2024-09-04,39.53118133544922,39629600,BAC
2024-09-05,39.179786682128906,34214500,BAC
2024-09-06,38.07945251464844,47007600,BAC
2024-09-09,38.77699279785156,37610200,BAC
2024-09-10,38.59032440185547,53983900,BAC
2024-09-11,38.315242767333984,41190000,BAC
2024-09-12,38.09910583496094,39921600,BAC
2024-09-13,37.97138977050781,31887300,BAC
2024-09-16,38.413482666015625,26336400,BAC
2024-09-17,38.85558319091797,27769400,BAC
2024-09-18,38.924354553222656,42527800,BAC
2024-09-19,40.152408599853516,57977800,BAC
2024-09-20,39.56294631958008,70725000,BAC
2024-09-23,39.16996765136719,31714800,BAC
2024-09-24,38.75734329223633,32534900,BAC
2024-09-25,38.56085205078125,28866000,BAC
2024-09-26,38.826114654541016,39601400,BAC
2024-09-27,38.708221435546875,27861100,BAC
2024-09-30,38.983306884765625,35055200,BAC
2024-10-01,38.5313835144043,26291200,BAC
2024-10-02,38.541202545166016,23302700,BAC
2024-10-03,38.56085205078125,26030200,BAC
2024-10-04,39.40575408935547,34209900,BAC
2024-10-07,39.258384704589844,27177500,BAC
2024-10-08,39.22891616821289,26023600,BAC
2024-10-09,39.48434829711914,27421000,BAC
2024-10-10,39.26821517944336,26182300,BAC
2024-10-11,41.21344757080078,50660700,BAC
2024-10-14,41.17415237426758,28098900,BAC
2024-10-15,41.400108337402344,61490000,BAC
2024-10-16,42.04852294921875,42437800,BAC
2024-10-17,41.85203170776367,31708600,BAC
2024-10-18,41.57695007324219,30593500,BAC
2024-10-21,41.02677917480469,26589500,BAC
2024-10-22,41.55730056762695,37104400,BAC
2024-10-23,41.59659957885742,28569400,BAC
2024-10-24,41.90115737915039,28392000,BAC
2024-10-25,41.15449905395508,27466900,BAC
2024-10-28,41.871681213378906,24527600,BAC
2024-10-29,41.78326416015625,22313500,BAC
2024-10-30,41.5671272277832,38100500,BAC
2024-10-31,41.085731506347656,28138200,BAC
2024-11-01,41.02677917480469,31220000,BAC
2024-11-04,40.60433578491211,31110100,BAC
2024-11-05,41.144676208496094,30851400,BAC
2024-11-06,44.61269760131836,110086700,BAC
2024-11-07,43.98393630981445,48339700,BAC
2024-11-08,44.337615966796875,38331800,BAC
2024-11-11,45.27093505859375,43293500,BAC
2024-11-12,45.0547981262207,38155900,BAC
2024-11-13,45.06461715698242,36903900,BAC
2024-11-14,45.094093322753906,35733100,BAC
2024-11-15,45.929168701171875,40488900,BAC
2024-11-18,45.899696350097656,32360300,BAC
2024-11-19,45.59513854980469,28534100,BAC
2024-11-20,45.251285552978516,28021000,BAC
2024-11-21,45.64426040649414,45336500,BAC
2024-11-22,46.17477798461914,37996200,BAC
2024-11-25,46.6660041809082,42718600,BAC
2024-11-26,46.9116096496582,30301500,BAC
2024-11-27,46.93125915527344,23278400,BAC
2024-11-29,46.67582321166992,23262000,BAC
2024-12-02,46.21407699584961,35891500,BAC
2024-12-03,45.99794006347656,38123800,BAC
2024-12-04,45.555843353271484,24941300,BAC
2024-12-05,46.17477798461914,31572100,BAC
2024-12-06,46.18465805053711,28931700,BAC
2024-12-09,45.35481643676758,34660900,BAC
2024-12-10,45.19675064086914,35665800,BAC
2024-12-11,45.522762298583984,36790500,BAC
2024-12-12,45.522762298583984,24017300,BAC
2024-12-13,45.117713928222656,32902300,BAC
2024-12-16,44.92013931274414,27330400,BAC
2024-12-17,44.505218505859375,33054600,BAC
2024-12-18,42.973960876464844,41771900,BAC
2024-12-19,42.855411529541016,38583600,BAC
2024-12-20,43.63585662841797,74222200,BAC
2024-12-23,43.35924530029297,35374800,BAC
2024-12-24,43.843318939208984,12054400,BAC
2024-12-26,44.01126480102539,16077400,BAC
2024-12-27,43.803802490234375,17972500,BAC
2024-12-30,43.37900161743164,16109800,BAC
2024-12-31,43.41851806640625,16110400,BAC
2025-01-02,43.7544059753418,25610600,BAC
2025-01-03,44.26811981201172,23455700,BAC
2025-01-06,44.850982666015625,30518500,BAC
2025-01-07,45.522762298583984,41111200,BAC
2025-01-08,45.651187896728516,40246000,BAC
2025-01-10,44.564491271972656,40741300,BAC
2025-01-13,44.51509475708008,34353600,BAC
2025-01-14,45.22639083862305,36379000,BAC
2025-01-15,46.530426025390625,57154800,BAC
2025-01-16,46.07598876953125,56339300,BAC
2025-01-17,45.96731948852539,44486100,BAC
2025-01-21,46.09574890136719,52089100,BAC
2025-01-22,45.23626708984375,40296200,BAC
2025-01-23,45.82901382446289,35324100,BAC
2025-01-24,45.95743942260742,24655100,BAC
2025-01-27,46.520545959472656,44260000,BAC
2025-01-28,46.2735710144043,27156600,BAC
2025-01-29,46.18465805053711,23681500,BAC
2025-01-30,46.15502166748047,31199900,BAC
2025-01-31,45.7401008605957,30388900,BAC
2025-02-03,45.651187896728516,36497700,BAC
2025-02-04,46.1451416015625,32894000,BAC
2025-02-05,46.540306091308594,27696600,BAC
2025-02-06,47.16268539428711,39793400,BAC
2025-02-07,46.82679748535156,26504700,BAC
2025-02-10,46.105621337890625,26725200,BAC
2025-02-11,46.22417449951172,20314900,BAC
2025-02-12,45.651187896728516,29777100,BAC
2025-02-13,45.769737243652344,26815400,BAC
2025-02-14,46.392120361328125,25960500,BAC
2025-02-18,45.96731948852539,37824100,BAC
2025-02-19,45.45360565185547,38967800,BAC
2025-02-20,44.752193450927734,40001100,BAC
2025-02-21,44.26811981201172,43485900,BAC
2025-02-24,43.9223518371582,35512200,BAC
2025-02-25,43.40863800048828,38119000,BAC
2025-02-26,43.40863800048828,32251700,BAC
2025-02-27,43.58646011352539,28477700,BAC
2025-02-28,45.54251480102539,62621100,BAC
2025-03-03,45.00904846191406,46946000,BAC
2025-03-04,42.153995513916016,78278100,BAC
2025-03-05,41.778594970703125,52588900,BAC
2025-03-06,40.95862579345703,58103500,BAC
2025-03-07,41.1574592590332,50651400,BAC
2025-03-10,39.596656799316406,77498400,BAC
2025-03-11,39.37794494628906,50608400,BAC
2025-03-12,39.67618942260742,42290700,BAC
2025-03-13,39.437591552734375,37766100,BAC
2025-03-14,40.650447845458984,35979900,BAC
2025-03-17,41.19722366333008,37242800,BAC
2025-03-18,41.4059944152832,37644500,BAC
2025-03-19,41.962711334228516,42471100,BAC
2025-03-20,42.23113250732422,41018100,BAC
2025-03-21,42.22119140625,65011000,BAC
2025-03-24,42.81767654418945,30646100,BAC
2025-03-25,43.02644348144531,25445300,BAC
2025-03-26,42.56914138793945,30012100,BAC
2025-03-27,42.310665130615234,25619200,BAC
2025-03-28,41.008338928222656,34253000,BAC
2025-03-31,41.48552703857422,36390000,BAC
2025-04-01,41.24693298339844,25578500,BAC
2025-04-02,41.604820251464844,28216100,BAC
2025-04-03,37.001949310302734,115497900,BAC
2025-04-04,34.18852615356445,107761200,BAC
2025-04-07,35.37155532836914,137329100,BAC
2025-04-08,34.82477569580078,79116300,BAC
2025-04-09,36.93235778808594,161173500,BAC
2025-04-10,35.63997268676758,90451800,BAC
2025-04-11,35.73938751220703,63671900,BAC
2025-04-14,36.45516586303711,46830600,BAC
2025-04-15,37.76743698120117,84677800,BAC
2025-04-16,37.111305236816406,52872700,BAC
2025-04-17,37.190834045410156,47144400,BAC
2025-04-21,36.703704833984375,34928300,BAC
2025-04-22,38.09550094604492,42288900,BAC
2025-04-23,38.52298355102539,54428400,BAC
2025-04-24,39.348121643066406,42457100,BAC
2025-04-25,39.45747375488281,32694200,BAC
2025-04-28,39.54694747924805,37428000,BAC
2025-04-29,39.75572204589844,33792500,BAC
2025-04-30,39.646366119384766,40994600,BAC
2025-05-01,39.934661865234375,33569100,BAC
2025-05-02,40.82939147949219,41613000,BAC
2025-05-05,40.87909698486328,32829200,BAC
2025-05-06,40.600738525390625,29541800,BAC
2025-05-07,40.69021224975586,30925900,BAC
2025-05-08,41.356285095214844,41861700,BAC
2025-05-09,41.54517364501953,27222800,BAC
2025-05-12,43.10597610473633,44875100,BAC
2025-05-13,44.02058410644531,43232500,BAC
2025-05-14,44.4778938293457,42419500,BAC
2025-05-15,44.12000274658203,47379400,BAC
2025-05-16,44.428184509277344,49488100,BAC
2025-05-19,44.50771713256836,37915700,BAC
2025-05-20,44.428184509277344,33424300,BAC
2025-05-21,42.996620178222656,55594100,BAC
2025-05-22,43.056270599365234,29026200,BAC
2025-05-23,42.94691467285156,34875100,BAC
2025-05-27,43.9609375,36322000,BAC
2025-05-28,43.801876068115234,35673800,BAC
2025-05-29,43.9808235168457,28545100,BAC
2025-05-30,43.87146759033203,66537500,BAC
2025-06-02,43.82175827026367,28582600,BAC
2025-06-03,44.38842010498047,31320200,BAC
2025-06-04,44.10011672973633,30591700,BAC
2025-06-05,44.12000274658203,32020900,BAC
2025-06-06,44.970001220703125,37013000,BAC
2025-06-09,44.869998931884766,32414000,BAC
2025-06-10,45.09000015258789,32229100,BAC
2025-06-11,44.72999954223633,47873500,BAC
2025-06-12,44.619998931884766,30165400,BAC
2025-06-13,44.09000015258789,43281700,BAC
2025-06-16,44.40999984741211,34103600,BAC
2025-06-17,44.22999954223633,27489600,BAC
2025-06-18,45.060001373291016,37684700,BAC
2025-06-20,45.5,64591600,BAC
2025-06-23,46.29999923706055,42683600,BAC
2025-06-24,46.65999984741211,45437600,BAC
2025-06-25,46.849998474121094,33532400,BAC
2025-06-26,47.459999084472656,40127000,BAC
2025-06-27,47.119998931884766,56705000,BAC
2025-06-30,47.31999969482422,47921200,BAC
2025-07-01,48.150001525878906,48540900,BAC
2025-07-02,48.709999084472656,48003600,BAC
2025-07-03,48.93000030517578,21620300,BAC
2025-07-07,48.65999984741211,35567900,BAC
2025-07-08,47.150001525878906,88086500,BAC
2025-07-09,46.84000015258789,46227900,BAC
2025-07-10,46.970001220703125,44225000,BAC
2025-07-11,46.72999954223633,31653000,BAC
2025-07-14,47.06999969482422,36381200,BAC
2025-07-15,46.150001525878906,55145000,BAC
2025-07-16,46.029998779296875,61296600,BAC
2025-07-17,47.02000045776367,56480700,BAC
2025-07-18,47.31999969482422,48314200,BAC
2025-07-21,47.47999954223633,32199700,BAC
2025-07-22,47.77000045776367,34749400,BAC
2025-07-23,48.13999938964844,31380100,BAC
2025-07-24,48.38999938964844,42967600,BAC
2025-07-25,48.45000076293945,24461200,BAC
2025-07-28,48.22999954223633,20590400,BAC
2025-07-29,47.95000076293945,26216500,BAC
2025-07-30,47.959999084472656,32265900,BAC
2025-07-31,47.27000045776367,40016300,BAC
2025-08-01,45.65999984741211,52310400,BAC
2025-08-04,45.849998474121094,31038900,BAC
2025-08-05,45.560001373291016,36798300,BAC
2025-08-06,45.41999816894531,27916800,BAC
2025-08-07,44.91999816894531,30609900,BAC
2025-08-08,46.0099983215332,37131600,BAC
2025-08-11,46.15999984741211,35559400,BAC
2025-08-12,47.5,35481200,BAC
2025-08-13,47.2400016784668,29465100,BAC
2025-08-14,47.709999084472656,21073800,BAC
2025-08-15,46.939998626708984,26276900,BAC
2025-08-18,47.91999816894531,43125100,BAC
2025-08-19,48.08000183105469,33783400,BAC
2025-08-20,48.349998474121094,30818800,BAC
2025-08-21,48.31999969482422,7200050,BAC
2024-08-21,15.247692108154297,1997800,DB
2024-08-22,15.763408660888672,2546300,DB
2024-08-23,16.006671905517578,1467700,DB
2024-08-26,15.880173683166504,1501300,DB
2024-08-27,16.03586196899414,1516800,DB
2024-08-28,15.841252326965332,1381400,DB
2024-08-29,15.802330017089844,1538500,DB
2024-08-30,15.958017349243164,1652500,DB
2024-09-03,15.490954399108887,2153000,DB
2024-09-04,15.539607048034668,1602300,DB
2024-09-05,16.1623592376709,2183800,DB
2024-09-06,15.724486351013184,1927100,DB
2024-09-09,16.18181800842285,2026200,DB
2024-09-10,15.432570457458496,2607600,DB
2024-09-11,15.247692108154297,3520000,DB
2024-09-12,15.393649101257324,1856300,DB
2024-09-13,15.773138046264648,2256000,DB
2024-09-16,15.860712051391602,1707600,DB
2024-09-17,16.15262794494629,2802800,DB
2024-09-18,16.172090530395508,2122000,DB
2024-09-19,16.551578521728516,1777900,DB
2024-09-20,16.464004516601562,1428100,DB
2024-09-23,16.444541931152344,1642500,DB
2024-09-24,16.561309814453125,1732700,DB
2024-09-25,16.464004516601562,1455000,DB
2024-09-26,16.892147064208984,1737900,DB
2024-09-27,16.86295509338379,1520100,DB
2024-09-30,16.84349250793457,1079100,DB
2024-10-01,16.493196487426758,1911500,DB
2024-10-02,16.53211784362793,1268800,DB
2024-10-03,16.444541931152344,1041400,DB
2024-10-04,16.950529098510742,1567800,DB
2024-10-07,17.0089111328125,1281900,DB
2024-10-08,16.921337127685547,947100,DB
2024-10-09,17.02837371826172,1005500,DB
2024-10-10,17.115947723388672,1310900,DB
2024-10-11,17.29109764099121,1132500,DB
2024-10-14,16.979721069335938,4945500,DB
2024-10-15,16.775379180908203,1886800,DB
2024-10-16,17.057565689086914,896200,DB
2024-10-17,17.02837371826172,941100,DB
2024-10-18,17.16459846496582,1134400,DB
2024-10-21,16.99917984008789,967500,DB
2024-10-22,17.096485137939453,1549100,DB
2024-10-23,16.85322380065918,2097500,DB
2024-10-24,16.658615112304688,1412100,DB
2024-10-25,16.386159896850586,1531500,DB
2024-10-28,16.668344497680664,1445200,DB
2024-10-29,16.541847229003906,1498300,DB
2024-10-30,16.298585891723633,1619200,DB
2024-10-31,16.48346519470215,2081700,DB
2024-11-01,16.590499877929688,1810600,DB
2024-11-04,16.658615112304688,1967200,DB
2024-11-05,16.911605834960938,1101500,DB
2024-11-06,16.84349250793457,3596200,DB
2024-11-07,16.765649795532227,2763800,DB
2024-11-08,16.20128059387207,2247300,DB
2024-11-11,16.726728439331055,1791200,DB
2024-11-12,16.30831527709961,1282800,DB
2024-11-13,15.958017349243164,2938800,DB
2024-11-14,16.279123306274414,1924000,DB
2024-11-15,16.52238655090332,1798200,DB
2024-11-18,16.63915252685547,1222200,DB
2024-11-19,16.337509155273438,1814900,DB
2024-11-20,16.31804656982422,1314200,DB
2024-11-21,16.34723663330078,1715200,DB
2024-11-22,15.763408660888672,2147300,DB
2024-11-25,16.03586196899414,1575200,DB
2024-11-26,15.860712051391602,980000,DB
2024-11-27,15.850983619689941,649100,DB
2024-11-29,16.551578521728516,1185000,DB
2024-12-02,16.619691848754883,1804200,DB
2024-12-03,17.115947723388672,2055200,DB
2024-12-04,16.99917984008789,1164800,DB
2024-12-05,17.44678497314453,1101900,DB
2024-12-06,17.310558319091797,794500,DB
2024-12-09,17.222984313964844,785100,DB
2024-12-10,17.359209060668945,1886500,DB
2024-12-11,17.407861709594727,1051300,DB
2024-12-12,17.203521728515625,1215200,DB
2024-12-13,17.407861709594727,1120900,DB
2024-12-16,17.485706329345703,1221800,DB
2024-12-17,17.135408401489258,1107500,DB
2024-12-18,16.716997146606445,1623300,DB
2024-12-19,16.658615112304688,921700,DB
2024-12-20,16.47373390197754,1448200,DB
2024-12-23,16.58077049255371,907400,DB
2024-12-24,16.716997146606445,246700,DB
2024-12-26,16.755918502807617,512700,DB
2024-12-27,16.716997146606445,743400,DB
2024-12-30,16.658615112304688,682500,DB
2024-12-31,16.590499877929688,726500,DB
2025-01-02,16.69753646850586,1543100,DB
2025-01-03,17.01864242553711,2172200,DB
2025-01-06,17.02837371826172,1530000,DB
2025-01-07,16.950529098510742,1499100,DB
2025-01-08,16.86295509338379,1515600,DB
2025-01-10,17.0089111328125,1520400,DB
2025-01-13,16.931068420410156,1978200,DB
2025-01-14,17.738698959350586,2330800,DB
2025-01-15,18.26414680480957,2290700,DB
2025-01-16,18.26414680480957,1120900,DB
2025-01-17,18.565792083740234,1048800,DB
2025-01-21,19.09123992919922,1706700,DB
2025-01-22,18.92582130432129,1333700,DB
2025-01-23,19.363691329956055,2449400,DB
2025-01-24,19.46099853515625,1990100,DB
2025-01-27,19.5096492767334,1908300,DB
2025-01-28,19.56803321838379,1543100,DB
2025-01-29,19.56803321838379,2467900,DB
2025-01-30,19.208003997802734,3479200,DB
2025-01-31,19.003664016723633,1618800,DB
2025-02-03,18.322528839111328,2389300,DB
2025-02-04,18.37118148803711,1581100,DB
2025-02-05,18.4295654296875,1997000,DB
2025-02-06,18.886898040771484,2152300,DB
2025-02-07,18.653366088867188,1794500,DB
2025-02-10,18.624174118041992,1317200,DB
2025-02-11,19.12042999267578,2955500,DB
2025-02-12,19.5777645111084,2019900,DB
2025-02-13,19.41234588623047,1959100,DB
2025-02-14,19.655609130859375,1288000,DB
2025-02-18,20.37566566467285,2650900,DB
2025-02-19,19.704259872436523,1883200,DB
2025-02-20,19.840486526489258,2242900,DB
2025-02-21,19.752912521362305,1981900,DB
2025-02-24,20.044828414916992,2036300,DB
2025-02-25,20.813535690307617,7277900,DB
2025-02-26,21.115182876586914,6735200,DB
2025-02-27,20.813535690307617,5578900,DB
2025-02-28,20.91084098815918,12248900,DB
2025-03-03,20.998416900634766,4055900,DB
2025-03-04,20.42431640625,8728700,DB
2025-03-05,23.236431121826172,10998600,DB
2025-03-06,23.35319709777832,7937900,DB
2025-03-07,23.50888442993164,4385800,DB
2025-03-10,22.59421730041504,8360900,DB
2025-03-11,22.54556655883789,6936900,DB
2025-03-12,22.75963592529297,4648900,DB
2025-03-13,22.360685348510742,3158800,DB
2025-03-14,23.5672664642334,4613400,DB
2025-03-17,23.30454444885254,4609300,DB
2025-03-18,24.258132934570312,5342500,DB
2025-03-19,24.1121768951416,3573600,DB
2025-03-20,23.499155044555664,3450000,DB
2025-03-21,23.576997756958008,2522800,DB
2025-03-24,24.092714309692383,2720400,DB
2025-03-25,24.569509506225586,2676000,DB
2025-03-26,24.02460289001465,3261700,DB
2025-03-27,23.8397216796875,3235500,DB
2025-03-28,23.314273834228516,2502600,DB
2025-03-31,23.18777847290039,2970000,DB
2025-04-01,23.372657775878906,2498800,DB
2025-04-02,23.68403434753418,2362200,DB
2025-04-03,22.26338005065918,3572500,DB
2025-04-04,19.918331146240234,7213800,DB
2025-04-07,18.974472045898438,19945600,DB
2025-04-08,19.315040588378906,7218600,DB
2025-04-09,21.45574951171875,7876700,DB
2025-04-10,20.92057228088379,5658100,DB
2025-04-11,21.815778732299805,4228600,DB
2025-04-14,22.477453231811523,3883700,DB
2025-04-15,22.905595779418945,2773100,DB
2025-04-16,22.71098518371582,2692800,DB
2025-04-17,22.837480545043945,2701100,DB
2025-04-21,22.642871856689453,1775000,DB
2025-04-22,23.67430305480957,3312300,DB
2025-04-23,24.199750900268555,3855300,DB
2025-04-24,24.520856857299805,2674700,DB
2025-04-25,24.997652053833008,2555100,DB
2025-04-28,25.046302795410156,2839800,DB
2025-04-29,26.058277130126953,5351200,DB
2025-04-30,25.503637313842773,4049500,DB
2025-05-01,25.68851661682129,2325600,DB
2025-05-02,26.077735900878906,3231700,DB
2025-05-05,26.262615203857422,3150700,DB
2025-05-06,26.01935386657715,2440800,DB
2025-05-07,25.95124053955078,2297200,DB
2025-05-08,25.990161895751953,3075300,DB
2025-05-09,26.642105102539062,1878800,DB
2025-05-12,26.749141693115234,2952400,DB
2025-05-13,26.76860237121582,2949700,DB
2025-05-14,27.031326293945312,2344000,DB
2025-05-15,27.46919822692871,4236900,DB
2025-05-16,27.118900299072266,2374100,DB
2025-05-19,27.79030418395996,5011200,DB
2025-05-20,27.702730178833008,2124000,DB
2025-05-21,27.683269500732422,3612400,DB
2025-05-22,27.6929988861084,4355100,DB
2025-05-23,27.25,4170300,DB
2025-05-27,28.010000228881836,3269000,DB
2025-05-28,27.510000228881836,2691900,DB
2025-05-29,27.770000457763672,1878100,DB
2025-05-30,27.780000686645508,2623500,DB
2025-06-02,27.729999542236328,1864700,DB
2025-06-03,27.81999969482422,1924800,DB
2025-06-04,27.309999465942383,2226500,DB
2025-06-05,28.030000686645508,3412500,DB
2025-06-06,28.1299991607666,1542700,DB
2025-06-09,28.139999389648438,2042800,DB
2025-06-10,27.90999984741211,2248300,DB
2025-06-11,28.34000015258789,2118000,DB
2025-06-12,28.219999313354492,1885200,DB
2025-06-13,27.540000915527344,2805700,DB
2025-06-16,28.1200008392334,8186000,DB
2025-06-17,27.43000030517578,3314900,DB
2025-06-18,27.739999771118164,2442700,DB
2025-06-20,27.610000610351562,2452900,DB
2025-06-23,27.799999237060547,2846400,DB
2025-06-24,29.309999465942383,3498500,DB
2025-06-25,29.280000686645508,2645600,DB
2025-06-26,29.950000762939453,2612700,DB
2025-06-27,30.399999618530273,2350800,DB
2025-06-30,29.280000686645508,4334000,DB
2025-07-01,28.709999084472656,4204600,DB
2025-07-02,29.09000015258789,2938200,DB
2025-07-03,29.25,1829700,DB
2025-07-07,28.90999984741211,2557300,DB
2025-07-08,29.399999618530273,2858800,DB
2025-07-09,30.3799991607666,3355000,DB
2025-07-10,29.989999771118164,1876400,DB
2025-07-11,29.639999389648438,2171600,DB
2025-07-14,29.81999969482422,1338900,DB
2025-07-15,29.43000030517578,1961200,DB
2025-07-16,30.149999618530273,2588600,DB
2025-07-17,30.1200008392334,1918600,DB
2025-07-18,29.93000030517578,1731100,DB
2025-07-21,30.31999969482422,2242400,DB
2025-07-22,30.420000076293945,1762000,DB
2025-07-23,31.280000686645508,4707900,DB
2025-07-24,33.72999954223633,6112800,DB
2025-07-25,33.47999954223633,3090500,DB
2025-07-28,32.560001373291016,3044800,DB
2025-07-29,33.09000015258789,2103300,DB
2025-07-30,33.2599983215332,2854700,DB
2025-07-31,32.97999954223633,2799900,DB
2025-08-01,32.529998779296875,3210800,DB
2025-08-04,33.68000030517578,3259300,DB
2025-08-05,33.779998779296875,2343400,DB
2025-08-06,34.72999954223633,2717900,DB
2025-08-07,35.619998931884766,3771500,DB
2025-08-08,36.2599983215332,2776100,DB
2025-08-11,36.209999084472656,1916000,DB
2025-08-12,36.29999923706055,1936200,DB
2025-08-13,36.16999816894531,2609300,DB
2025-08-14,36.779998779296875,2435500,DB
2025-08-15,36.560001373291016,2464500,DB
2025-08-18,36.59000015258789,2264100,DB
2025-08-19,36.36000061035156,2751400,DB
2025-08-20,36.560001373291016,2792600,DB
2025-08-21,36.584999084472656,547485,DB
2024-08-21,486.2602844238281,917100,GS
2024-08-22,487.5237731933594,943800,GS
2024-08-23,498.9540100097656,1751800,GS
2024-08-26,497.4358825683594,1084200,GS
2024-08-27,496.8384094238281,977900,GS
2024-08-28,492.98907470703125,1568100,GS
2024-08-29,499.6200256347656,1566300,GS
2024-08-30,502.72357177734375,1838900,GS
2024-09-03,480.26971435546875,2373600,GS
2024-09-04,483.4028625488281,1509400,GS
2024-09-05,480.68353271484375,1828300,GS
2024-09-06,472.5355224609375,1995600,GS
2024-09-09,481.3633728027344,1714200,GS
2024-09-10,460.2396240234375,3583100,GS
2024-09-11,464.2200622558594,2426500,GS
2024-09-12,467.0673522949219,1480500,GS
2024-09-13,471.9246520996094,1794500,GS
2024-09-16,478.003662109375,1500300,GS
2024-09-17,478.2302551269531,1444900,GS
2024-09-18,477.43218994140625,1699500,GS
2024-09-19,496.39825439453125,3060700,GS
2024-09-20,491.0779113769531,4452600,GS
2024-09-23,490.0729675292969,953200,GS
2024-09-24,490.6739196777344,1035400,GS
2024-09-25,483.8954772949219,1763900,GS
2024-09-26,489.5901794433594,1378100,GS
2024-09-27,491.15673828125,1420100,GS
2024-09-30,487.806884765625,1602500,GS
2024-10-01,482.9397888183594,1528600,GS
2024-10-02,484.73291015625,1445100,GS
2024-10-03,478.9298095703125,1290600,GS
2024-10-04,487.8561706542969,1721600,GS
2024-10-07,487.3240966796875,1173300,GS
2024-10-08,489.245361328125,1296700,GS
2024-10-09,497.7283630371094,1695900,GS
2024-10-10,496.2899169921875,1309000,GS
2024-10-11,508.6842956542969,2409700,GS
2024-10-14,515.0391845703125,2174900,GS
2024-10-15,514.6746826171875,4525400,GS
2024-10-16,522.0442504882812,2649000,GS
2024-10-17,521.197021484375,2123500,GS
2024-10-18,520.704345703125,1779200,GS
2024-10-21,510.16217041015625,1752100,GS
2024-10-22,510.65484619140625,1588000,GS
2024-10-23,509.57110595703125,1263200,GS
2024-10-24,516.7633666992188,2058200,GS
2024-10-25,505.03887939453125,1633200,GS
2024-10-28,515.8569946289062,1687100,GS
2024-10-29,516.546630859375,1281600,GS
2024-10-30,516.6649169921875,1441600,GS
2024-10-31,510.1523132324219,2061700,GS
2024-11-01,511.6893310546875,1625000,GS
2024-11-04,503.9255676269531,1797800,GS
2024-11-05,519.1871337890625,2169900,GS
2024-11-06,587.1890258789062,8042800,GS
2024-11-07,573.5826416015625,4475600,GS
2024-11-08,580.568115234375,2714000,GS
2024-11-11,593.4552001953125,2510800,GS
2024-11-12,583.8490600585938,2392900,GS
2024-11-13,585.4549560546875,1763100,GS
2024-11-14,579.927734375,1670500,GS
2024-11-15,584.7849731445312,2007700,GS
2024-11-18,579.31689453125,1848900,GS
2024-11-19,572.8043212890625,2217400,GS
2024-11-20,573.3462524414062,1528600,GS
2024-11-21,587.3170166015625,2281900,GS
2024-11-22,593.8887329101562,1733700,GS
2024-11-25,594.1350708007812,2940800,GS
2024-11-26,596.5685424804688,2846500,GS
2024-11-27,596.4995727539062,1424500,GS
2024-11-29,599.5933227539062,1170200,GS
2024-12-02,595.7714233398438,1804100,GS
2024-12-03,596.1377563476562,1718100,GS
2024-12-04,592.801025390625,1617300,GS
2024-12-05,590.9098510742188,1672800,GS
2024-12-06,593.7614135742188,1405700,GS
2024-12-09,588.2562866210938,1633200,GS
2024-12-10,579.2560424804688,2600800,GS
2024-12-11,586.711669921875,2195300,GS
2024-12-12,585.7710571289062,1218400,GS
2024-12-13,579.7015991210938,1215000,GS
2024-12-16,580.543212890625,1713300,GS
2024-12-17,569.0081787109375,2314100,GS
2024-12-18,544.8192749023438,3271600,GS
2024-12-19,548.5223388671875,2753300,GS
2024-12-20,560.5128173828125,4515900,GS
2024-12-23,565.1466674804688,1519500,GS
2024-12-24,577.0380859375,913400,GS
2024-12-26,575.4934692382812,1092000,GS
2024-12-27,570.493408203125,1486000,GS
2024-12-30,567.8892822265625,1265900,GS
2024-12-31,566.968505859375,1055800,GS
2025-01-02,569.2952270507812,2219000,GS
2025-01-03,574.4043579101562,1422600,GS
2025-01-06,577.6322631835938,2257000,GS
2025-01-07,574.3944702148438,2021900,GS
2025-01-08,574.2954711914062,1513400,GS
2025-01-10,554.4730834960938,2817900,GS
2025-01-13,557.3939208984375,1871200,GS
2025-01-14,565.8892822265625,2221900,GS
2025-01-15,599.9398193359375,5119800,GS
2025-01-16,606.9400634765625,3224500,GS
2025-01-17,619.7622680664062,3425200,GS
2025-01-21,628.475341796875,5076700,GS
2025-01-22,626.4852294921875,2835700,GS
2025-01-23,633.1884765625,2582700,GS
2025-01-24,630.6141357421875,3183500,GS
2025-01-27,627.0298461914062,3351700,GS
2025-01-28,631.5051879882812,2338000,GS
2025-01-29,631.08935546875,1918900,GS
2025-01-30,639.3272094726562,1812800,GS
2025-01-31,634.07958984375,1995100,GS
2025-02-03,626.1287841796875,2102600,GS
2025-02-04,627.9209594726562,1743400,GS
2025-02-05,639.0797119140625,1908200,GS
2025-02-06,651.7236328125,2439200,GS
2025-02-07,649.4265747070312,2616700,GS
2025-02-10,644.109619140625,2351600,GS
2025-02-11,640.85205078125,2711400,GS
2025-02-12,642.5946655273438,2295800,GS
2025-02-13,642.545166015625,2031800,GS
2025-02-14,654.0306396484375,2246000,GS
2025-02-18,665.5557861328125,2350100,GS
2025-02-19,661.5557250976562,1953600,GS
2025-02-20,635.9212036132812,3929000,GS
2025-02-21,619.4255981445312,3000800,GS
2025-02-24,619.9603271484375,3274100,GS
2025-02-25,608.8411254882812,2885900,GS
2025-02-26,611.6729125976562,2001200,GS
2025-02-27,601.9993286132812,2396300,GS
2025-02-28,619.2035522460938,3337200,GS
2025-03-03,602.258056640625,3152300,GS
2025-03-04,578.2576904296875,4061000,GS
2025-03-05,590.1284790039062,2600600,GS
2025-03-06,564.8544311523438,4332300,GS
2025-03-07,556.8941040039062,4069600,GS
2025-03-10,529.0230102539062,5272100,GS
2025-03-11,528.794189453125,4190500,GS
2025-03-12,533.052978515625,3078100,GS
2025-03-13,522.20703125,2529100,GS
2025-03-14,538.7246704101562,2808100,GS
2025-03-17,548.60546875,2695600,GS
2025-03-18,549.0432739257812,2641000,GS
2025-03-19,554.5757446289062,2769800,GS
2025-03-20,559.8892211914062,2531300,GS
2025-03-21,562.3370361328125,3565600,GS
2025-03-24,577.2227783203125,1877700,GS
2025-03-25,583.0338745117188,1875500,GS
2025-03-26,571.0734252929688,1944200,GS
2025-03-27,556.1478271484375,2100900,GS
2025-03-28,540.4262084960938,2773100,GS
2025-03-31,543.5805053710938,2455100,GS
2025-04-01,545.7297973632812,1869600,GS
2025-04-02,560.30712890625,2560700,GS
2025-04-03,508.69439697265625,5193900,GS
2025-04-04,468.474853515625,8105200,GS
2025-04-07,463.201171875,6353800,GS
2025-04-08,459.9274597167969,4240900,GS
2025-04-09,514.306396484375,7024100,GS
2025-04-10,487.37066650390625,5374500,GS
2025-04-11,491.9876708984375,3770200,GS
2025-04-14,501.4803466796875,4392600,GS
2025-04-15,505.3709716796875,2501200,GS
2025-04-16,496.5747985839844,2765600,GS
2025-04-17,506.9630126953125,2593500,GS
2025-04-21,498.8733215332031,2859300,GS
2025-04-22,517.4109497070312,2514600,GS
2025-04-23,526.6846923828125,3048100,GS
2025-04-24,542.6650390625,2223600,GS
2025-04-25,542.1575927734375,1612700,GS
2025-04-28,543.6900024414062,1459700,GS
2025-04-29,546.1974487304688,1695600,GS
2025-04-30,544.834228515625,2438300,GS
2025-05-01,551.0831298828125,2583000,GS
2025-05-02,563.292236328125,2883000,GS
2025-05-05,556.78466796875,2197200,GS
2025-05-06,546.63525390625,2902500,GS
2025-05-07,549.1825561523438,1954900,GS
2025-05-08,562.8942260742188,1994600,GS
2025-05-09,564.2872314453125,1522500,GS
2025-05-12,588.4071044921875,3527700,GS
2025-05-13,600.815185546875,2765800,GS
2025-05-14,608.5665283203125,2874400,GS
2025-05-15,612.8452758789062,2428100,GS
2025-05-16,615.9597778320312,2021800,GS
2025-05-19,609.2630615234375,2842100,GS
2025-05-20,603.5117797851562,1601600,GS
2025-05-21,590.5165405273438,2635900,GS
2025-05-22,595.2628784179688,1939600,GS
2025-05-23,595.5713500976562,1530600,GS
2025-05-27,612.6760864257812,2364700,GS
2025-05-28,605.4222412109375,2001900,GS
2025-05-29,601.8599853515625,1736100,GS
2025-05-30,600.4500122070312,2129500,GS
2025-06-02,598.719970703125,1221200,GS
2025-06-03,603.8300170898438,1730300,GS
2025-06-04,599.2100219726562,1294900,GS
2025-06-05,605.8800048828125,2086700,GS
2025-06-06,614.0,1675900,GS
2025-06-09,613.52001953125,1610700,GS
2025-06-10,614.8699951171875,1376400,GS
2025-06-11,624.1699829101562,2063600,GS
2025-06-12,625.1099853515625,1634700,GS
2025-06-13,613.5399780273438,1674800,GS
2025-06-16,627.8499755859375,1870400,GS
2025-06-17,624.6400146484375,1479300,GS
2025-06-18,635.239990234375,2423100,GS
2025-06-20,640.7999877929688,4115400,GS
2025-06-23,646.8800048828125,2020800,GS
2025-06-24,662.1099853515625,2307800,GS
2025-06-25,669.8699951171875,1566400,GS
2025-06-26,687.1599731445312,2849500,GS
2025-06-27,690.8099975585938,3650500,GS
2025-06-30,707.75,3976400,GS
2025-07-01,706.4600219726562,3301000,GS
2025-07-02,715.8900146484375,2906500,GS
2025-07-03,723.6799926757812,1502000,GS
2025-07-07,710.9299926757812,2863700,GS
2025-07-08,697.280029296875,3100700,GS
2025-07-09,696.5599975585938,1763400,GS
2025-07-10,709.1199951171875,1733500,GS
2025-07-11,704.9500122070312,1681800,GS
2025-07-14,713.2999877929688,1909300,GS
2025-07-15,702.510009765625,1981200,GS
2025-07-16,708.8200073242188,3323200,GS
2025-07-17,705.8400268554688,2046100,GS
2025-07-18,708.260009765625,1925200,GS
2025-07-21,706.0,2006500,GS
2025-07-22,700.4099731445312,1978900,GS
2025-07-23,717.52001953125,2395700,GS
2025-07-24,719.1799926757812,1974700,GS
2025-07-25,728.97998046875,1851400,GS
2025-07-28,723.6500244140625,1464800,GS
2025-07-29,731.97998046875,2136000,GS
2025-07-30,730.75,1816200,GS
2025-07-31,723.5900268554688,2358100,GS
2025-08-01,709.5700073242188,2999100,GS
2025-08-04,726.030029296875,1753700,GS
2025-08-05,720.9099731445312,1977300,GS
2025-08-06,724.739990234375,1477100,GS
2025-08-07,719.739990234375,1400400,GS
2025-08-08,721.27001953125,1275400,GS
2025-08-11,719.239990234375,1273500,GS
2025-08-12,743.3800048828125,2418100,GS
2025-08-13,744.6900024414062,1862600,GS
2025-08-14,747.2000122070312,1371200,GS
2025-08-15,730.719970703125,1645900,GS
2025-08-18,730.9600219726562,1157800,GS
2025-08-19,721.3800048828125,1856400,GS
2025-08-20,720.6799926757812,1871900,GS
2025-08-21,716.4299926757812,216068,GS
2024-08-21,209.8868408203125,5202300,JPM
2024-08-22,211.87225341796875,5247100,JPM
2024-08-23,213.5153350830078,7214000,JPM
2024-08-26,214.35646057128906,5105200,JPM
2024-08-27,215.3442840576172,5185200,JPM
2024-08-28,216.42990112304688,6506400,JPM
2024-08-29,217.3297119140625,6416100,JPM
2024-08-30,219.86280822753906,8574100,JPM
2024-09-03,215.46163940429688,8956100,JPM
2024-09-04,214.512939453125,7389500,JPM
2024-09-05,212.85028076171875,8067900,JPM
2024-09-06,207.79383850097656,7777000,JPM
2024-09-09,212.04827880859375,8935100,JPM
2024-09-10,201.0453643798828,28406900,JPM
2024-09-11,202.67869567871094,13658700,JPM
2024-09-12,202.06251525878906,9054400,JPM
2024-09-13,199.8325958251953,10226700,JPM
2024-09-16,203.2948455810547,8634900,JPM
2024-09-17,204.65432739257812,7573300,JPM
2024-09-18,202.9720916748047,8259900,JPM
2024-09-19,205.8572998046875,11635200,JPM
2024-09-20,206.45391845703125,20885000,JPM
2024-09-23,206.79623413085938,7223500,JPM
2024-09-24,206.9429168701172,7323200,JPM
2024-09-25,205.57369995117188,8976500,JPM
2024-09-26,205.1726837158203,7807500,JPM
2024-09-27,205.87686157226562,7032500,JPM
2024-09-30,206.22897338867188,8663800,JPM
2024-10-01,202.49285888671875,8540100,JPM
2024-10-02,202.73736572265625,5810900,JPM
2024-10-03,200.7226104736328,7251300,JPM
2024-10-04,207.8470001220703,10211700,JPM
2024-10-07,207.56161499023438,6718900,JPM
2024-10-08,207.38450622558594,6021800,JPM
2024-10-09,210.01185607910156,7024000,JPM
2024-10-10,209.4411163330078,7927100,JPM
2024-10-11,218.74020385742188,18320700,JPM
2024-10-14,217.94314575195312,9048900,JPM
2024-10-15,218.838623046875,9235800,JPM
2024-10-16,220.06866455078125,6382500,JPM
2024-10-17,220.83619689941406,6470200,JPM
2024-10-18,221.77102661132812,7000500,JPM
2024-10-21,219.43887329101562,5870000,JPM
2024-10-22,220.54098510742188,9586800,JPM
2024-10-23,219.8423309326172,6180500,JPM
2024-10-24,221.3872528076172,6002200,JPM
2024-10-25,218.7598876953125,6369700,JPM
2024-10-28,221.89894104003906,6843000,JPM
2024-10-29,219.34046936035156,6580000,JPM
2024-10-30,220.82635498046875,7110900,JPM
2024-10-31,218.37611389160156,7829900,JPM
2024-11-01,219.3798370361328,6923500,JPM
2024-11-04,216.27027893066406,8229600,JPM
2024-11-05,217.9530029296875,5600700,JPM
2024-11-06,243.11465454101562,23987800,JPM
2024-11-07,232.605224609375,16451100,JPM
2024-11-08,233.19561767578125,9502100,JPM
2024-11-11,235.46873474121094,9017100,JPM
2024-11-12,235.73443603515625,6861000,JPM
2024-11-13,237.3088836669922,11472600,JPM
2024-11-14,238.00753784179688,10172200,JPM
2024-11-15,241.39260864257812,11518800,JPM
2024-11-18,241.1170654296875,9051400,JPM
2024-11-19,239.2080535888672,6792700,JPM
2024-11-20,236.93495178222656,9015300,JPM
2024-11-21,240.85137939453125,8783500,JPM
2024-11-22,244.58087158203125,7997300,JPM
2024-11-25,246.29307556152344,10295400,JPM
2024-11-26,245.9781951904297,6212100,JPM
2024-11-27,245.80105590820312,5472300,JPM
2024-11-29,245.732177734375,5494800,JPM
2024-12-02,242.3175811767578,8899700,JPM
2024-12-03,240.9104461669922,6657700,JPM
2024-12-04,239.5131072998047,7346300,JPM
2024-12-05,241.5598907470703,6572500,JPM
2024-12-06,243.4098663330078,5519700,JPM
2024-12-09,239.9165496826172,7076500,JPM
2024-12-10,238.9817352294922,9108300,JPM
2024-12-11,239.64102172851562,7884400,JPM
2024-12-12,237.67295837402344,6113800,JPM
2024-12-13,236.10836791992188,10392700,JPM
2024-12-16,235.75411987304688,9032000,JPM
2024-12-17,234.55360412597656,8083600,JPM
2024-12-18,226.69117736816406,11322400,JPM
2024-12-19,229.2398223876953,11790800,JPM
2024-12-20,233.8057403564453,32348400,JPM
2024-12-23,234.58311462402344,8611500,JPM
2024-12-24,238.44052124023438,3729100,JPM
2024-12-26,239.25726318359375,4451800,JPM
2024-12-27,237.3187255859375,5730200,JPM
2024-12-30,235.49826049804688,5723800,JPM
2024-12-31,235.8820343017578,4871000,JPM
2025-01-02,236.1674041748047,9220900,JPM
2025-01-03,239.39501953125,9491100,JPM
2025-01-06,238.22787475585938,9917800,JPM
2025-01-07,240.52259826660156,8753400,JPM
2025-01-08,240.48304748535156,8675300,JPM
2025-01-10,237.25852966308594,10256800,JPM
2025-01-13,241.55128479003906,10005300,JPM
2025-01-14,244.77578735351562,12407400,JPM
2025-01-15,249.6026611328125,18448500,JPM
2025-01-16,251.50177001953125,15292300,JPM
2025-01-17,256.3385314941406,17678100,JPM
2025-01-21,260.1663818359375,13712100,JPM
2025-01-22,259.97845458984375,9021900,JPM
2025-01-23,263.05462646484375,10749700,JPM
2025-01-24,261.9566650390625,7666300,JPM
2025-01-27,262.9557189941406,7522300,JPM
2025-01-28,264.2316589355469,7375400,JPM
2025-01-29,263.677734375,7684900,JPM
2025-01-30,265.3097839355469,8753500,JPM
2025-01-31,264.389892578125,7193800,JPM
2025-02-03,263.9052429199219,8381400,JPM
2025-02-04,265.0229187011719,5626000,JPM
2025-02-05,267.48583984375,5704400,JPM
2025-02-06,273.8853759765625,7264400,JPM
2025-02-07,272.79736328125,6857900,JPM
2025-02-10,268.08917236328125,8627400,JPM
2025-02-11,271.9961853027344,7196400,JPM
2025-02-12,272.4512023925781,6683900,JPM
2025-02-13,273.31170654296875,8398700,JPM
2025-02-14,273.5787658691406,5688600,JPM
2025-02-18,276.9021911621094,7919800,JPM
2025-02-19,276.2098083496094,7007200,JPM
2025-02-20,263.89532470703125,13846700,JPM
2025-02-21,261.36322021484375,12835600,JPM
2025-02-24,258.4947814941406,10372800,JPM
2025-02-25,254.59767150878906,9608400,JPM
2025-02-26,255.97256469726562,5943600,JPM
2025-02-27,256.2297058105469,8204400,JPM
2025-02-28,261.76873779296875,10467100,JPM
2025-03-03,257.7826232910156,9058300,JPM
2025-03-04,247.52552795410156,13465600,JPM
2025-03-05,248.7915802001953,7861400,JPM
2025-03-06,243.8559112548828,9983200,JPM
2025-03-07,239.6422882080078,20498700,JPM
2025-03-10,229.69183349609375,18887200,JPM
2025-03-11,226.64535522460938,18143000,JPM
2025-03-12,225.41885375976562,16054000,JPM
2025-03-13,222.7383575439453,16467900,JPM
2025-03-14,229.909423828125,11962100,JPM
2025-03-17,231.38319396972656,9586000,JPM
2025-03-18,232.41188049316406,10344900,JPM
2025-03-19,236.50680541992188,10120600,JPM
2025-03-20,236.4078826904297,8328500,JPM
2025-03-21,238.99937438964844,19326900,JPM
2025-03-24,245.359375,9422700,JPM
2025-03-25,248.3959503173828,9287700,JPM
2025-03-26,248.2970428466797,12779300,JPM
2025-03-27,245.418701171875,8022500,JPM
2025-03-28,240.2061004638672,11978400,JPM
2025-03-31,242.62942504882812,13603000,JPM
2025-04-01,241.0072784423828,8054700,JPM
2025-04-02,243.14376831054688,7758800,JPM
2025-04-03,226.20025634765625,17188500,JPM
2025-04-04,209.2718048095703,27170700,JPM
2025-04-07,213.411865234375,22914400,JPM
2025-04-08,215.8302001953125,19485700,JPM
2025-04-09,233.21644592285156,24022400,JPM
2025-04-10,226.0211181640625,18896400,JPM
2025-04-11,235.06752014160156,20284500,JPM
2025-04-14,233.59461975097656,13017800,JPM
2025-04-15,232.0122528076172,10912900,JPM
2025-04-16,228.50912475585938,9322300,JPM
2025-04-17,230.84786987304688,9557900,JPM
2025-04-21,227.89210510253906,8716200,JPM
2025-04-22,234.46044921875,10701400,JPM
2025-04-23,239.72509765625,14126800,JPM
2025-04-24,243.46705627441406,9055200,JPM
2025-04-25,242.38229370117188,8588600,JPM
2025-04-28,242.0538787841797,7394300,JPM
2025-04-29,243.44715881347656,7216800,JPM
2025-04-30,243.44715881347656,12991700,JPM
2025-05-01,245.70626831054688,8689600,JPM
2025-05-02,251.29933166503906,7165000,JPM
2025-05-05,251.34909057617188,5450700,JPM
2025-05-06,248.05496215820312,6369900,JPM
2025-05-07,248.1942901611328,8724100,JPM
2025-05-08,252.25473022460938,8320100,JPM
2025-05-09,251.86660766601562,5087600,JPM
2025-05-12,258.80316162109375,9603900,JPM
2025-05-13,261.7489929199219,8589000,JPM
2025-05-14,264.36639404296875,8643100,JPM
2025-05-15,266.2074890136719,9214600,JPM
2025-05-16,266.27716064453125,8932900,JPM
2025-05-19,263.6100158691406,12145000,JPM
2025-05-20,264.40618896484375,8436300,JPM
2025-05-21,259.7884521484375,7464000,JPM
2025-05-22,259.42022705078125,6514100,JPM
2025-05-23,259.46002197265625,6671800,JPM
2025-05-27,264.01806640625,7506600,JPM
2025-05-28,262.2266845703125,5535400,JPM
2025-05-29,263.10247802734375,5081200,JPM
2025-05-30,262.7342529296875,10977700,JPM
2025-06-02,263.3910827636719,6011200,JPM
2025-06-03,264.99334716796875,6998400,JPM
2025-06-04,262.95318603515625,5915700,JPM
2025-06-05,260.694091796875,8173800,JPM
2025-06-06,264.4559631347656,7738100,JPM
2025-06-09,265.4610900878906,8285000,JPM
2025-06-10,267.31219482421875,7538100,JPM
2025-06-11,266.8643493652344,7434100,JPM
2025-06-12,266.95391845703125,6618000,JPM
2025-06-13,263.6796875,7098300,JPM
2025-06-16,269.063720703125,8566000,JPM
2025-06-17,268.2277526855469,6739300,JPM
2025-06-18,272.646484375,9586400,JPM
2025-06-20,273.6814880371094,13969700,JPM
2025-06-23,276.9358215332031,8094600,JPM
2025-06-24,279.9114990234375,9267900,JPM
2025-06-25,282.69805908203125,6826900,JPM
2025-06-26,287.3655700683594,8942100,JPM
2025-06-27,285.7334289550781,17868600,JPM
2025-06-30,288.52001953125,12689200,JPM
2025-07-01,289.0176086425781,9338300,JPM
2025-07-02,290.6000061035156,8158700,JPM
2025-07-03,296.0,6541600,JPM
2025-07-07,291.9700012207031,8825700,JPM
2025-07-08,282.7799987792969,15440900,JPM
2025-07-09,283.1600036621094,11273800,JPM
2025-07-10,288.19000244140625,8410900,JPM
2025-07-11,286.8599853515625,7384700,JPM
2025-07-14,288.70001220703125,9079900,JPM
2025-07-15,286.54998779296875,12526100,JPM
2025-07-16,285.82000732421875,9979800,JPM
2025-07-17,289.8999938964844,8509500,JPM
2025-07-18,291.2699890136719,12217000,JPM
2025-07-21,290.9700012207031,7898100,JPM
2025-07-22,291.42999267578125,6717500,JPM
2025-07-23,296.760009765625,7083500,JPM
2025-07-24,296.54998779296875,7001200,JPM
2025-07-25,298.6199951171875,5918500,JPM
2025-07-28,298.2799987792969,5840400,JPM
2025-07-29,297.0400085449219,7635700,JPM
2025-07-30,299.6300048828125,8061700,JPM
2025-07-31,296.239990234375,14749700,JPM
2025-08-01,289.3699951171875,12007100,JPM
2025-08-04,294.260009765625,6649500,JPM
2025-08-05,291.3699951171875,7182300,JPM
2025-08-06,291.3500061035156,6330200,JPM
2025-08-07,286.94000244140625,8057100,JPM
2025-08-08,288.760009765625,6634100,JPM
2025-08-11,289.55999755859375,5510100,JPM
2025-08-12,292.8500061035156,8570900,JPM
2025-08-13,290.5299987792969,8420400,JPM
2025-08-14,294.1600036621094,6322400,JPM
2025-08-15,290.489990234375,7340500,JPM
2025-08-18,291.5299987792969,5386900,JPM
2025-08-19,290.6600036621094,6031500,JPM
2025-08-20,292.239990234375,7373400,JPM
2025-08-21,292.2699890136719,1904739,JPM
2024-08-21,97.7706527709961,3576000,MS
2024-08-22,97.64442443847656,2777300,MS
2024-08-23,98.93585205078125,3814800,MS
2024-08-26,99.36310577392578,2679000,MS
2024-08-27,99.12034606933594,2537200,MS
2024-08-28,99.23686218261719,2836800,MS
2024-08-29,99.6252670288086,3325600,MS
2024-08-30,100.60598754882812,4951400,MS
2024-09-03,96.39180755615234,6634000,MS
2024-09-04,97.24630737304688,4212500,MS
2024-09-05,96.67341613769531,4462400,MS
2024-09-06,93.78952026367188,9246800,MS
2024-09-09,95.33342742919922,5281500,MS
2024-09-10,93.81865692138672,7798600,MS
2024-09-11,94.21675872802734,6764100,MS
2024-09-12,93.83805847167969,4751200,MS
2024-09-13,95.40139770507812,5354800,MS
2024-09-16,97.18804931640625,4467200,MS
2024-09-17,96.9452896118164,4748600,MS
2024-09-18,96.42095184326172,5195900,MS
2024-09-19,97.80949401855469,9091900,MS
2024-09-20,99.49903869628906,14513400,MS
2024-09-23,99.49903869628906,3962400,MS
2024-09-24,99.6058578491211,4749700,MS
2024-09-25,99.37281036376953,3825100,MS
2024-09-26,101.56727600097656,5183000,MS
2024-09-27,101.09149169921875,3113300,MS
2024-09-30,101.21772003173828,3378600,MS
2024-10-01,101.39250946044922,5437400,MS
2024-10-02,101.48959350585938,3293600,MS
2024-10-03,101.53815460205078,4587200,MS
2024-10-04,104.75218963623047,5608900,MS
2024-10-07,104.5191421508789,4439900,MS
2024-10-08,104.37349700927734,3679400,MS
2024-10-09,105.87855529785156,4445800,MS
2024-10-10,104.94638061523438,4065500,MS
2024-10-11,107.25738525390625,5826200,MS
2024-10-14,109.02461242675781,7179300,MS
2024-10-15,108.96635437011719,8925200,MS
2024-10-16,116.04499816894531,21458500,MS
2024-10-17,115.97702026367188,9357200,MS
2024-10-18,117.550048828125,6852900,MS
2024-10-21,114.85064697265625,7469100,MS
2024-10-22,114.88949584960938,4429600,MS
2024-10-23,114.85064697265625,5661600,MS
2024-10-24,115.71485137939453,5611800,MS
2024-10-25,113.49124145507812,7271700,MS
2024-10-28,115.6760025024414,5994000,MS
2024-10-29,115.84107971191406,4622200,MS
2024-10-30,114.50109100341797,5673000,MS
2024-10-31,113.77198028564453,5374600,MS
2024-11-01,114.35918426513672,4372100,MS
2024-11-04,113.66431427001953,4366300,MS
2024-11-05,115.29871368408203,4798400,MS
2024-11-06,128.68711853027344,22798700,MS
2024-11-07,125.7021255493164,7780000,MS
2024-11-08,126.7688980102539,6979300,MS
2024-11-11,130.67385864257812,6861300,MS
2024-11-12,129.48963928222656,5683300,MS
2024-11-13,129.93003845214844,6134800,MS
2024-11-14,129.60707092285156,7344200,MS
2024-11-15,131.2023162841797,7281900,MS
2024-11-18,130.9282989501953,6434100,MS
2024-11-19,129.42112731933594,7244800,MS
2024-11-20,128.8828582763672,5125600,MS
2024-11-21,132.11251831054688,5547400,MS
2024-11-22,131.81890869140625,6334100,MS
2024-11-25,130.8108673095703,8012300,MS
2024-11-26,128.48158264160156,8817300,MS
2024-11-27,128.4130859375,5507800,MS
2024-11-29,128.8045654296875,4068200,MS
2024-12-02,128.23690795898438,5512100,MS
2024-12-03,127.65950012207031,4791300,MS
2024-12-04,127.21910095214844,6203700,MS
2024-12-05,127.54205322265625,4991900,MS
2024-12-06,127.18972778320312,5013200,MS
2024-12-09,125.83914184570312,7753900,MS
2024-12-10,124.0873031616211,6551300,MS
2024-12-11,124.87024688720703,8835400,MS
2024-12-12,125.18343353271484,3610500,MS
2024-12-13,124.6843032836914,6091500,MS
2024-12-16,126.27955627441406,5659700,MS
2024-12-17,125.01705169677734,7141400,MS
2024-12-18,118.45986938476562,7858800,MS
2024-12-19,117.9313735961914,8632400,MS
2024-12-20,120.8087158203125,14884000,MS
2024-12-23,121.79718017578125,5074100,MS
2024-12-24,124.3515396118164,2902800,MS
2024-12-26,125.30086517333984,3013500,MS
2024-12-27,124.05793762207031,3088100,MS
2024-12-30,123.06947326660156,2637900,MS
2024-12-31,123.04011535644531,2970000,MS
2025-01-02,122.12014770507812,5014300,MS
2025-01-03,123.25542449951172,3988400,MS
2025-01-06,125.89785766601562,6665200,MS
2025-01-07,124.17538452148438,7268800,MS
2025-01-08,125.13449096679688,5744500,MS
2025-01-10,120.81849670410156,6873800,MS
2025-01-13,121.34698486328125,5433000,MS
2025-01-14,121.96356201171875,8999900,MS
2025-01-15,127.76715087890625,11349500,MS
2025-01-16,132.91502380371094,16235700,MS
2025-01-17,134.93112182617188,12481500,MS
2025-01-21,134.37326049804688,11213300,MS
2025-01-22,133.10096740722656,7177500,MS
2025-01-23,134.86260986328125,6911000,MS
2025-01-24,134.88217163085938,6475500,MS
2025-01-27,133.73712158203125,6460700,MS
2025-01-28,135.58682250976562,5885100,MS
2025-01-29,135.7532196044922,5719800,MS
2025-01-30,136.95700073242188,4545700,MS
2025-01-31,136.38063049316406,5502700,MS
2025-02-03,135.12945556640625,5307000,MS
2025-02-04,134.74522399902344,5997300,MS
2025-02-05,136.87322998046875,5871200,MS
2025-02-06,138.99142456054688,4576600,MS
2025-02-07,137.90769958496094,3529000,MS
2025-02-10,135.27723693847656,5517700,MS
2025-02-11,135.7501220703125,5096800,MS
2025-02-12,135.08018493652344,4688900,MS
2025-02-13,134.81417846679688,4699800,MS
2025-02-14,136.8929443359375,5044500,MS
2025-02-18,138.6269073486328,3797000,MS
2025-02-19,138.60720825195312,3623100,MS
2025-02-20,132.3511962890625,8860800,MS
2025-02-21,129.7404327392578,6704100,MS
2025-02-24,128.0458984375,7784500,MS
2025-02-25,127.68138122558594,7458500,MS
2025-02-26,129.1099090576172,5493600,MS
2025-02-27,127.32671356201172,5538700,MS
2025-02-28,131.139404296875,7424200,MS
2025-03-03,127.21834564208984,5969400,MS
2025-03-04,119.91802978515625,12996500,MS
2025-03-05,121.91797637939453,7291900,MS
2025-03-06,117.60282135009766,8611500,MS
2025-03-07,117.52400970458984,8513500,MS
2025-03-10,110.03651428222656,16765700,MS
2025-03-11,110.38133239746094,13490400,MS
2025-03-12,112.31231689453125,7925500,MS
2025-03-13,110.02666473388672,7435500,MS
2025-03-14,113.63247680664062,6879400,MS
2025-03-17,116.21369171142578,8374900,MS
2025-03-18,116.3614730834961,7234900,MS
2025-03-19,118.07571411132812,8430800,MS
2025-03-20,118.68653869628906,7026000,MS
2025-03-21,118.36141967773438,10989900,MS
2025-03-24,122.4302749633789,6184400,MS
2025-03-25,123.34650421142578,4326300,MS
2025-03-26,120.39092254638672,5084600,MS
2025-03-27,117.23829650878906,8239400,MS
2025-03-28,113.62263488769531,7349400,MS
2025-03-31,114.94278717041016,7616600,MS
2025-04-01,114.02655792236328,6651000,MS
2025-04-02,117.50430297851562,8415300,MS
2025-04-03,106.33218383789062,15186100,MS
2025-04-04,98.35209655761719,18876900,MS
2025-04-07,99.42595672607422,20721400,MS
2025-04-08,98.82498931884766,10710100,MS
2025-04-09,110.0463638305664,16919500,MS
2025-04-10,105.0021743774414,10956700,MS
2025-04-11,106.51937103271484,10573200,MS
2025-04-14,107.49471282958984,8224500,MS
2025-04-15,108.80502319335938,6003800,MS
2025-04-16,106.26321411132812,6520100,MS
2025-04-17,107.56367492675781,5233100,MS
2025-04-21,104.726318359375,7784500,MS
2025-04-22,108.74590301513672,6571300,MS
2025-04-23,110.6473388671875,9243800,MS
2025-04-24,113.88863372802734,6640700,MS
2025-04-25,114.29256439208984,5013200,MS
2025-04-28,114.115234375,4171200,MS
2025-04-29,114.4896011352539,4689800,MS
2025-04-30,114.62366485595703,6502400,MS
2025-05-01,115.95442962646484,7743600,MS
2025-05-02,119.39055633544922,6894400,MS
2025-05-05,118.77482604980469,6540300,MS
2025-05-06,117.51359558105469,5739600,MS
2025-05-07,118.27827453613281,4680600,MS
2025-05-08,121.03909301757812,6449300,MS
2025-05-09,120.86033630371094,4240100,MS
2025-05-12,126.18335723876953,9162100,MS
2025-05-13,128.4575653076172,6086700,MS
2025-05-14,130.13589477539062,6273400,MS
2025-05-15,131.5957489013672,7209300,MS
2025-05-16,131.2680206298828,6303800,MS
2025-05-19,129.93727111816406,7703500,MS
2025-05-20,128.2390899658203,5220100,MS
2025-05-21,124.43550872802734,6371600,MS
2025-05-22,125.38888549804688,5689200,MS
2025-05-23,125.20018768310547,3361400,MS
2025-05-27,128.3185272216797,5472400,MS
2025-05-28,126.63025665283203,4050900,MS
2025-05-29,127.27577209472656,4337500,MS
2025-05-30,127.14666748046875,6436100,MS
2025-06-02,127.51410675048828,3607900,MS
2025-06-03,127.79217529296875,4145600,MS
2025-06-04,127.27577209472656,3123200,MS
2025-06-05,129.7187957763672,6193300,MS
2025-06-06,130.9105224609375,5004400,MS
2025-06-09,131.03961181640625,4838600,MS
2025-06-10,130.9105224609375,3816900,MS
2025-06-11,130.9005889892578,5810200,MS
2025-06-12,131.00982666015625,4258700,MS
2025-06-13,128.5966033935547,4367500,MS
2025-06-16,129.99685668945312,6240500,MS
2025-06-17,129.19244384765625,4767700,MS
2025-06-18,131.60569763183594,6170400,MS
2025-06-20,131.7943878173828,8904400,MS
2025-06-23,133.0754852294922,5232400,MS
2025-06-24,134.9623565673828,5599900,MS
2025-06-25,136.7698211669922,5736400,MS
2025-06-26,138.7858123779297,6013200,MS
2025-06-27,139.71932983398438,7249300,MS
2025-06-30,139.88815307617188,8034400,MS
2025-07-01,140.09671020507812,6166700,MS
2025-07-02,141.8743438720703,5494500,MS
2025-07-03,143.14552307128906,3974700,MS
2025-07-07,142.74827575683594,5991600,MS
2025-07-08,140.1562957763672,6620400,MS
2025-07-09,140.57339477539062,4837000,MS
2025-07-10,142.10275268554688,5622800,MS
2025-07-11,141.29835510253906,3647500,MS
2025-07-14,142.97669982910156,5376100,MS
2025-07-15,140.6131134033203,7392200,MS
2025-07-16,138.82553100585938,10610800,MS
2025-07-17,139.92787170410156,7695800,MS
2025-07-18,139.8583526611328,5572300,MS
2025-07-21,139.50083923339844,5853400,MS
2025-07-22,139.07379150390625,5257200,MS
2025-07-23,141.2288360595703,6612900,MS
2025-07-24,141.51683044433594,3817900,MS
2025-07-25,142.0233154296875,3463000,MS
2025-07-28,141.576416015625,3729300,MS
2025-07-29,142.56951904296875,5158700,MS
2025-07-30,143.94000244140625,5236800,MS
2025-07-31,142.4600067138672,5523700,MS
2025-08-01,139.08999633789062,6678500,MS
2025-08-04,141.36000061035156,3851500,MS
2025-08-05,140.4600067138672,5331100,MS
2025-08-06,141.3000030517578,3765800,MS
2025-08-07,140.9199981689453,3728600,MS
2025-08-08,143.17999267578125,3943500,MS
2025-08-11,143.8800048828125,4024700,MS
2025-08-12,147.2899932861328,7111600,MS
2025-08-13,147.75999450683594,5542000,MS
2025-08-14,148.50999450683594,4188600,MS
2025-08-15,144.6300048828125,4986000,MS
2025-08-18,144.77999877929688,3548700,MS
2025-08-19,144.07000732421875,4257700,MS
2025-08-20,144.1199951171875,4619300,MS
2025-08-21,144.0449981689453,634803,MS
