date,price,ret
2020-01-01,100.0,0.0
2020-01-02,99.86183123987557,-0.0013826430117118466
2020-01-03,100.48293376092079,0.006200356778664555
2020-01-06,102.15162914319784,0.016470369919813165
2020-01-07,102.24897903768924,0.0009525402367292738
2020-01-08,102.02929198590476,-0.0021508615221459506
2020-01-09,103.60876227989031,0.015361955850644725
2020-01-10,104.72822305243969,0.010746738461658033
2020-01-13,104.46198721648766,-0.002545396167017915
2020-01-14,104.976841400148,0.004916521202456064
2020-01-15,104.59428307783382,-0.0036508726876334097
2020-01-16,104.03229949345614,-0.005387472073229251
2020-01-17,104.1720179258841,0.0013421283010144908
2020-01-20,102.22529729529208,-0.018864376786375082
2020-01-21,100.098742200089,-0.021022053682405346
2020-01-22,99.11986098021127,-0.009827286028890797
2020-01-23,97.9283478014408,-0.012093768409122397
2020-01-24,97.99924612262107,0.0007237196441282592
2020-01-27,97.12747482513791,-0.008935496826386459
2020-01-28,95.59439157563648,-0.01591013637863021
2020-01-29,96.69760291057949,0.0114744604134895
2020-01-30,96.70119327005715,3.7129077832543256e-05
2020-01-31,96.76723447587062,0.000682707862445747
2020-02-03,95.41134673215154,-0.014110940289645418
2020-02-04,94.6259257032062,-0.00826601530318091
2020-02-05,94.57446535844024,-0.0005439771635375214
2020-02-06,93.48198895113353,-0.011618731206930532
2020-02-07,93.6160665700163,0.0014332339420706128
2020-02-10,93.08213542837449,-0.005719740110773927
2020-02-11,92.70490599361011,-0.004060885520087553
2020-02-12,92.07395854131974,-0.00682924322631148
2020-02-13,93.66729459317106,0.017156933199827085
2020-02-14,93.97657028153975,0.003296414392586078
2020-02-17,93.0491336506685,-0.009917826411041787
2020-02-18,93.63175196050501,0.006241883838823533
2020-02-19,92.611145536394,-0.010960059731945516
2020-02-20,92.60157226178377,-0.00010337599634154893
2020-02-21,90.80267487406951,-0.01961737643806607
2020-02-24,89.25374748112324,-0.017205335776597518
2020-02-25,89.12242208161231,-0.0014724547966282683
2020-02-26,89.75656105795674,0.007090174840628451
2020-02-27,90.0380938866805,0.003131717780025395
2020-02-28,89.99037380776784,-0.0005301392678773263
2020-03-02,89.7103047039194,-0.003117064809468353
2020-03-03,88.33858684294844,-0.015408632865567946
2020-03-04,87.43510321014438,-0.010280168657060676
2020-03-05,86.85450992998547,-0.006662421441010011
2020-03-06,87.66065413263647,0.009238737973987155
2020-03-09,88.12507283334607,0.005283930490482045
2020-03-10,86.67655848105646,-0.01657361545553093
2020-03-11,86.67015475902917,-7.388339715823583e-05
2020-03-12,86.33576936993268,-0.0038655994835948126
2020-03-13,85.68704517634269,-0.007542339899778551
2020-03-16,86.08282759097702,0.004608294908452968
2020-03-17,87.05513020567149,0.011231654206650104
2020-03-18,88.06725029531239,0.011559132032492007
2020-03-19,87.53339535028391,-0.0060803488257279836
2020-03-20,87.15709571119268,-0.004308193523657742
2020-03-23,87.37097937699005,0.002450995609304091
2020-03-24,88.2707534002146,0.01024565039308441
2020-03-25,88.02899262580227,-0.0027426122998360177
2020-03-26,87.8175274200543,-0.0024051122266053747
2020-03-27,86.80955857737439,-0.011544372185381357
2020-03-30,85.5795024218627,-0.01427094067788298
2020-03-31,86.03178894704253,0.005271070088365385
2020-04-01,87.29851751286614,0.014616614303381308
2020-04-02,87.49106753351296,0.0022032216448729233
2020-04-03,88.41243932844684,0.010475973307894825
2020-04-06,88.91885666911598,0.005711554912055307
2020-04-07,88.44804738800872,-0.005308886563640182
2020-04-08,88.67407091789354,0.002552178742356103
2020-04-09,90.09442838996357,0.01589080141313091
2020-04-10,90.34884420378111,0.0028198998915266666
2020-04-13,91.82537183279999,0.016210416536445393
2020-04-14,89.74149622770989,-0.022955367733608366
2020-04-15,90.06766532837956,0.003627951497030566
2020-04-16,90.21153359545376,0.0015960609817878254
2020-04-17,89.970912576535,-0.0026708613083011095
2020-04-20,90.00541723344917,0.00038343550369480115
2020-04-21,88.24092502574639,-0.019799002045269968
2020-04-22,87.69933692830652,-0.0061565192874291136
2020-04-23,87.90477800778682,0.0023398218576316412
2020-04-24,89.25532344695701,0.01524690481894149
2020-04-27,89.06511613033287,-0.002133321218948176
2020-04-28,88.31024659481209,-0.008511600272721511
2020-04-29,87.71880085945632,-0.006719890490389668
2020-04-30,88.40657073319804,0.007810043078942808
2020-05-01,88.83634138903386,0.004849519712385406
2020-05-04,88.4527152314597,-0.004327698095193307
2020-05-05,88.83096132257641,0.004267134712094899
2020-05-06,88.99315487055918,0.0018242024358993839
2020-05-07,89.89216143236105,0.01005129039250877
2020-05-08,89.44290356763219,-0.00501027286027177
2020-05-11,89.06102391162338,-0.004278676038032036
2020-05-12,88.63661020209382,-0.004776816738927984
2020-05-13,87.2654364183228,-0.015590512829106782
2020-05-14,87.25174556329712,-0.00015689979517559578
2020-05-15,87.47707334368535,0.002579172762763774
2020-05-18,87.52668420547406,0.0005669691189773637
2020-05-19,87.33150080380703,-0.0022324775099559968
2020-05-20,86.06570608569535,-0.014600202922495344
2020-05-21,85.454539687218,-0.007126493812152659
2020-05-22,85.04088076505575,-0.004852443927698227
2020-05-25,84.27951460205088,-0.008993261477755836
2020-05-26,83.99248412669469,-0.0034115094122112587
2020-05-27,84.27502239385835,0.003358206685703132
2020-05-28,85.93739166141788,0.019533500349245926
2020-05-29,86.42452635629648,0.005652478198167575
2020-06-01,86.74540984157349,0.0037059995468611585
2020-06-02,86.74512711720558,-3.259248289440471e-06
2020-06-03,85.09649787583055,-0.0191883640026483
2020-06-04,84.74807821989626,-0.004102811555021829
2020-06-05,84.72958310485906,-0.00021826021159410147
2020-06-08,86.83880456816956,0.024588769082534042
2020-06-09,87.09920210783486,0.0029941441686955833
2020-06-10,87.41457453292273,0.0036143022570752415
2020-06-11,87.44742609741132,0.0003757427543626152
2020-06-12,86.4378912976397,-0.011611631825322797
2020-06-15,87.22858075264324,0.009105901780085647
2020-06-16,88.04715725289576,0.00934051068288487
2020-06-17,88.91234265774492,0.009778421607007443
2020-06-18,88.27992927121123,-0.0071381902265459
2020-06-19,89.3993208384497,0.012600305064051812
2020-06-22,88.37725460168679,-0.011498449615112446
2020-06-23,88.69322600458645,0.003568881014980214
2020-06-24,90.7221781359437,0.02261833246109583
2020-06-25,90.23525030807521,-0.005381696759087717
2020-06-26,89.62917095770668,-0.006739316647845263
2020-06-29,89.5976853088494,-0.00035134967869264043
2020-06-30,89.14145228474743,-0.00510502647690052
2020-07-01,87.68026275613099,-0.01652763960604143
2020-07-02,87.45085004610651,-0.0026198981731480123
2020-07-03,86.4814469679356,-0.011147016771890653
2020-07-06,86.69848642005294,0.0025065209519736856
2020-07-07,85.9480881480706,-0.008692938151943294
2020-07-08,87.13897380559173,0.013760756419786736
2020-07-09,86.69739720159636,-0.005080381639405024
2020-07-10,86.33086406883349,-0.004236691489937761
2020-07-13,86.96232726908345,0.007287833875709145
2020-07-14,86.02379367180214,-0.010851076389197722
2020-07-15,86.03277365402315,0.0001043840682017497
2020-07-16,87.16654656654642,0.013092304356464631
2020-07-17,86.00145765098726,-0.01345637147431935
2020-07-20,85.9288226386245,-0.0008449357095408278
2020-07-21,86.13786987071074,0.00242984080057607
2020-07-22,86.85615395928627,0.008304196877888317
2020-07-23,85.9310026758048,-0.010708667733203156
2020-07-24,84.62234695185235,-0.015346299677483395
2020-07-27,84.80449392725347,0.0021501557206722974
2020-07-28,85.09330954068324,0.00339987787646632
2020-07-29,85.36475560469846,0.0031849040787520298
2020-07-30,85.71559496919625,0.004101462910720163
2020-07-31,85.20454913823694,-0.005979954633640875
2020-08-03,85.3005900731851,0.0011265460448818604
2020-08-04,85.57022689840086,0.003156033941963185
2020-08-05,85.01477786771538,-0.006512307391871041
2020-08-06,86.50311131748288,0.017355283633073357
2020-08-07,87.21617163192597,0.008209385935732547
2020-08-10,86.32494536958659,-0.010271157784879976
2020-08-11,86.71526324605675,0.004511304529362301
2020-08-12,85.95168698592671,-0.008844555796400755
2020-08-13,86.47776198797834,0.0061019348781443696
2020-08-14,87.5923474988026,0.012806342765702916
2020-08-17,87.09923337687457,-0.005645554630376521
2020-08-18,87.84314075616734,0.008504650366367914
2020-08-19,88.35665063043736,0.005828739342638566
2020-08-20,89.18990150538384,0.009386349468472614
2020-08-21,91.06859566538984,0.020845199720233996
2020-08-24,91.22492679522462,0.0017151587840180944
2020-08-25,90.57097975393596,-0.007194329886771277
2020-08-26,89.63983782033166,-0.010334010273609489
2020-08-27,88.72794893625435,-0.010224904904376282
2020-08-28,88.47844267230802,-0.0028159980750162984
2020-08-31,88.73081685252735,0.0028483201331631794
2020-09-01,89.02736807047317,0.0033365720199328265
2020-09-02,89.82676442881282,0.008939146894346803
2020-09-03,89.99920383951631,0.0019178482976484309
2020-09-04,91.35195963113043,0.014918910431102855
2020-09-07,91.38276996290023,0.0003372137538410107
2020-09-08,93.90898632671538,0.02726913441666439
2020-09-09,95.01517189680979,0.01171050036098294
2020-09-10,94.42511698657073,-0.006229475491966237
2020-09-11,93.30300240516164,-0.01195482007900437
2020-09-14,93.53035608298076,0.002433760136630979
2020-09-15,93.36701942227658,-0.001747875825932313
2020-09-16,94.003179065286,0.006790429775734457
2020-09-17,94.57744888330609,0.00609046220088234
2020-09-18,94.62378457792373,0.0004898033136077403
2020-09-21,93.83509100074723,-0.0083699765179625
2020-09-22,92.2697565364414,-0.016822467550451147
2020-09-23,91.55013813407574,-0.00782964303076044
2020-09-24,92.19305840636316,0.006998059337082635
2020-09-25,92.52005100069009,0.003540549308718567
2020-09-28,91.4393682606672,-0.011749277925376167
2020-09-29,91.38287195547574,-0.0006180463265634136
2020-09-30,91.72432661635435,0.003729564531975685
2020-10-01,90.98502817459462,-0.008092661455616193
2020-10-02,90.9776330999857,-8.128123166795966e-05
2020-10-05,91.02912562612954,0.000565830938126407
2020-10-06,90.00479802902828,-0.01131653679068095
2020-10-07,90.12319310046902,0.0013145662453466428
2020-10-08,90.6538407315096,0.005870758512751673
2020-10-09,91.74866801075157,0.012004664134303105
2020-10-12,92.94351309854865,0.012938953347209651
2020-10-13,91.90937337835616,-0.011188903010128981
2020-10-14,90.84792807390924,-0.011616031001177026
2020-10-15,91.10513187833857,0.0028271464718511922
2020-10-16,91.62621528905089,0.005703288803492326
2020-10-19,92.20446516121454,0.006291134623758944
2020-10-20,95.94682198213829,0.039785541831299
2020-10-21,97.2670330080781,0.013666013473191472
2020-10-22,98.64711358294701,0.014088859096444285
2020-10-23,99.87373741210412,0.01235778945422088
2020-10-26,100.77519386368867,0.008985470403902157
2020-10-27,100.63867572837827,-0.0013555983656230247
2020-10-28,101.37790894261573,0.0073185725318080696
2020-10-29,100.74480832806623,-0.006264537639014104
2020-10-30,100.38066165038117,-0.00362109359520291
2020-11-02,99.82231160068392,-0.0055778541973316165
2020-11-03,99.79268579639572,-0.0002968294456030977
2020-11-04,102.12342306081928,0.02308721977761447
2020-11-05,100.69809720095944,-0.014055207970394586
2020-11-06,101.1069092188853,0.004051560309666217
2020-11-09,99.57007000623163,-0.015316846649963273
2020-11-10,98.79815490189866,-0.007782687987886989
2020-11-11,99.7245512462951,0.009332968372096264
2020-11-12,99.97511367184269,0.0025093938653738806
2020-11-13,98.95307251249945,-0.010275569006218285
2020-11-16,98.04607996018797,-0.00920815089384334
2020-11-17,98.5330395802359,0.004954347310578091
2020-11-18,97.91297973296818,-0.006312796855055748
2020-11-19,98.00133968332865,0.0009020265248085991
2020-11-20,98.06370049101606,0.0006361237039998577
2020-11-23,97.4391902596531,-0.0063887787352582
2020-11-24,99.42366650457379,0.020161685146201615
2020-11-25,100.46020773749544,0.010371527252420435
2020-11-26,98.6506267548219,-0.018177120416091985
2020-11-27,98.47608283448916,-0.001770880935524121
2020-11-30,97.7918914403925,-0.006972040834788704
2020-12-01,98.49163189388962,0.007129925181004498
2020-12-02,97.85358851757198,-0.006499222348126107
2020-12-03,97.61441312183346,-0.002447208884294212
2020-12-04,98.06059353294957,0.00456043101294573
2020-12-07,99.00350238172126,0.009569638144290361
2020-12-08,98.00967425246412,-0.01008903644169969
2020-12-09,97.48547290079338,-0.005362819646749423
2020-12-10,96.91955979270791,-0.005822017040959446
2020-12-11,96.17636661801505,-0.007697695733929009
2020-12-14,97.7388046131591,0.01611500325602517
2020-12-15,98.45223229737658,0.007272817760814589
2020-12-16,97.36017082654593,-0.011154275991187533
2020-12-17,98.03896165176785,0.006947764272310255
2020-12-18,100.28098365847254,0.022611114824588385
2020-12-21,101.78095030098035,0.014846875570429147
2020-12-22,100.54432081158085,-0.012224324545454305
2020-12-23,99.81429681815698,-0.007287205637753375
2020-12-24,100.93967872873941,0.011211670364315552
2020-12-25,100.45287755888066,-0.004834360583324697
2020-12-28,100.80218779267909,0.003471322164797345
2020-12-29,101.65662012984116,0.008440604967252838
2020-12-30,100.88885657156321,-0.007581183722330262
2020-12-31,100.6760554718134,-0.0021114903050840532
2021-01-01,97.42404211699835,-0.03283497146170754
2021-01-04,95.7999486023382,-0.016810870705684405
2021-01-05,95.23754961993468,-0.005887855655068485
2021-01-06,93.9458816981996,-0.013655402950662192
2021-01-07,95.2316097914423,0.013593032449183915
2021-01-08,94.1349240183667,-0.011582807289769542
2021-01-11,93.50473798951175,-0.006717006324923747
2021-01-12,93.50137230102709,-3.599549212383608e-05
2021-01-13,94.85805790804076,0.014405533792236387
2021-01-14,93.77554729821072,-0.011477514753347115
2021-01-15,94.65514807377521,0.009336134570880172
2021-01-18,94.84176054455752,0.001969557524371905
2021-01-19,93.95243554179406,-0.00942117500560513
2021-01-20,94.20991671959695,0.0027367997415116817
2021-01-21,94.44932109865776,0.0025379569040370367
2021-01-22,93.93178511717592,-0.0054945773907805395
2021-01-25,93.8941359162854,-0.0004008946282559189
2021-01-26,93.52554607815475,-0.003933314894268786
2021-01-27,93.5581463909629,0.00034851047365872315
2021-01-28,94.18624373464914,0.006691008839942211
2021-01-29,95.82010318402511,0.017198369929441962
2021-02-01,94.9674334751644,-0.008938481002380098
2021-02-02,96.84160104774097,0.019542637546086646
2021-02-03,95.34141720036335,-0.01561235048600769
2021-02-04,94.90002730286197,-0.0046403210475573714
2021-02-05,95.37143414495401,0.0049551078553342915
2021-02-08,95.7346250637795,0.0038009402484171853
2021-02-09,95.21269028937466,-0.0054668071485225005
2021-02-10,94.91090888118843,-0.0031745839332772523
2021-02-11,94.3842035813372,-0.005564926133243778
2021-02-12,93.72519952085575,-0.007006632796090871
2021-02-15,94.39251557270406,0.007094694410992073
2021-02-16,94.86462540224761,0.004989093741848888
2021-02-17,94.30362238897803,-0.005931277204236764
2021-02-18,95.04299286219705,0.007809743313485155
2021-02-19,95.48453426884923,0.004634943871463125
2021-02-22,96.3531318735139,0.009055609962682227
2021-02-23,97.1374814838939,0.008107410411772568
2021-02-24,96.49187827898679,-0.00666846802686621
2021-02-25,95.82497380308028,-0.006935504007342938
2021-02-26,96.40992696531877,0.00608583524976403
2021-03-01,97.11832134644202,0.007320869704287455
2021-03-02,97.24029671771272,0.0012551580012160099
2021-03-03,97.37889528057893,0.001424305433331022
2021-03-04,98.65915355126639,0.013061510044550454
2021-03-05,98.33377944963296,-0.0033034118794482087
2021-03-08,98.80793308106412,0.004810291435810738
2021-03-09,98.70326516810658,-0.001059868237176793
2021-03-10,98.46776561270126,-0.0023887856797075615
2021-03-11,99.50812044432476,0.010510011383930389
2021-03-12,100.5439976345732,0.010356165766666377
2021-03-15,101.5754374587096,0.01020632951333966
2021-03-16,103.12045826253329,0.015096053974211224
2021-03-17,103.45399817293179,0.0032292492111698355
2021-03-18,104.2292115665648,0.007465379555183606
2021-03-19,104.06158004277299,-0.0016095916548978391
2021-03-22,104.36585733088644,0.002919745193904853
2021-03-23,104.29100361479844,-0.0007174815048958752
2021-03-24,104.3772319342758,0.0008264633489480068
2021-03-25,105.01764983184529,0.006116862924158738
2021-03-26,104.2893862851254,-0.006958834247502977
2021-03-29,106.34640114303149,0.01953210590735401
2021-03-30,105.69398117134614,-0.006153752633526218
2021-03-31,104.2899824695422,-0.013372636654582565
2021-04-01,105.22299851191697,0.008906581404084166
2021-04-02,106.24840932825441,0.009697943220446191
2021-04-05,107.12116998130846,0.008180786814610791
2021-04-06,107.97289635303451,0.007919612455564957
2021-04-07,108.13080921979518,0.0014614547626438453
2021-04-08,107.19626835770228,-0.008680252762329548
2021-04-09,107.0914811239964,-0.0009780049705286464
2021-04-12,106.34794461561302,-0.006967218109226846
2021-04-13,107.24049922476426,0.008357753712332142
2021-04-14,107.26205425675563,0.00020097692744504205
2021-04-15,106.3845297140893,-0.008214776582436106
2021-04-16,105.86909257348951,-0.004856813733017156
2021-04-19,106.20395051887877,0.0031579517961528116
2021-04-20,105.67365850177923,-0.005005655168809185
2021-04-21,104.70347598679577,-0.009223334989426152
2021-04-22,104.76550028478701,0.0005922051170338925
2021-04-23,105.03489504079586,0.0025681067344940065
2021-04-26,104.55746434053907,-0.004555810406812496
2021-04-27,103.97133884429755,-0.005621545137545727
2021-04-28,104.09578277056377,0.0011961903460672178
2021-04-29,102.62379830442268,-0.014241605345759798
2021-04-30,100.90171248451286,-0.016922958812917513
2021-05-03,99.84089464185138,-0.010569033975107863
2021-05-04,99.41764241766855,-0.004248278312140045
2021-05-05,99.64252258035933,0.002259419993552037
2021-05-06,101.16920915401539,0.015205446168205928
2021-05-07,102.35141515663071,0.01161768546566138
2021-05-10,102.42555996028962,0.0007241517934980051
2021-05-11,102.42091693869,-4.533172032728731e-05
2021-05-12,101.39832768216066,-0.010034359990443546
2021-05-13,101.17630563282243,-0.0021920033580126084
2021-05-14,100.8404543856769,-0.003324987060803905
2021-05-17,101.09915788910368,0.0025621881912201135
2021-05-18,100.31767740071211,-0.007759871797279208
2021-05-19,100.6836492354532,0.003641490782955881
2021-05-20,102.31324152767758,0.01605568728661695
2021-05-21,102.53073822585029,0.0021235359727548144
2021-05-24,102.98717471717094,0.004441824415540378
2021-05-25,103.79255751993594,0.007789804800219201
2021-05-26,103.53813761536689,-0.0024542437588145226
2021-05-27,103.71949588105305,0.0017500760663412634
2021-05-28,103.76887180617176,0.0004759392210862013
2021-05-31,103.88016636724436,0.0010719488297055574
2021-06-01,103.10235990669348,-0.0075157080726135535
2021-06-02,102.9727345810506,-0.0012580398719332837
2021-06-03,103.46078120296305,0.004728374938067841
2021-06-04,105.07240945973054,0.015457111065563986
2021-06-07,106.41364986234778,0.012684130473964866
2021-06-08,109.00595432033163,0.02406865066990854
2021-06-09,108.69467034216775,-0.0028597454948987872
2021-06-10,109.58428939495614,0.008151257268227024
2021-06-11,109.96451147826112,0.0034636715110289225
2021-06-14,112.47696604876776,0.022590763634382508
2021-06-15,112.07671860257966,-0.003564830126675013
2021-06-16,111.06031586182483,-0.009110184447142762
2021-06-17,110.19565598084084,-0.007815963343868774
2021-06-18,107.71138906465727,-0.022802149911871822
2021-06-21,106.65905512956155,-0.009817980199181975
2021-06-22,105.64478943898399,-0.009554922655373374
2021-06-23,105.60179583042569,-0.0004070466663125985
2021-06-24,105.95468762917224,0.0033361504245090746
2021-06-25,108.03340296296511,0.01942893847706068
2021-06-28,109.48970122311137,0.013390026077272639
2021-06-29,109.15178764487476,-0.0030910313411695025
2021-06-30,108.10868976325703,-0.00960235298171748
2021-07-01,108.4333641350169,0.0029987211187215614
2021-07-02,107.07539805465234,-0.012602587846462109
2021-07-05,108.77998010633203,0.015794070089251117
2021-07-06,110.41881293441864,0.014953215225063094
2021-07-07,110.23113767744024,-0.0017011134760344295
2021-07-08,108.32195364614898,-0.01747156798611566
2021-07-09,109.41546642794702,0.010044410144430997
2021-07-12,109.50998568824895,0.0008634835763600206
2021-07-13,110.89309159736376,0.012550859835006622
2021-07-14,109.41330426734763,-0.013434104620942345
2021-07-15,108.46764466535106,-0.008680571153726198
2021-07-16,108.28517381556277,-0.0016836772335634082
2021-07-19,108.2995843355896,0.00013307049093473888
2021-07-20,107.81612990034407,-0.004474040616605489
2021-07-21,108.39272416458003,0.00533369120015389
2021-07-22,107.35611656087359,-0.009609466053795167
2021-07-23,106.99753666614401,-0.0033456880609719682
2021-07-26,107.05466920044829,0.000533818704924595
2021-07-27,107.61830813115856,0.005251152081572409
2021-07-28,108.50075835128598,0.00816637919720338
2021-07-29,107.46272221004405,-0.009613145078938016
2021-07-30,105.6234326305766,-0.017263770723143827
2021-08-02,106.61287261090249,0.009324014074356325
2021-08-03,107.16741132393584,0.005187942934667181
2021-08-04,106.4786959165802,-0.0064472767786321
2021-08-05,108.00386258889527,0.014222064399498809
2021-08-06,108.43686892576676,0.0040011592228283484
2021-08-09,109.81107114632911,0.012593203685203934
2021-08-10,110.16234921298536,0.0031938255511418765
2021-08-11,112.52792623220722,0.021246244359048247
2021-08-12,115.00827488670444,0.021802657296241694
2021-08-13,115.2236441184177,0.0018708899744576037
2021-08-16,116.39212272110551,0.010089887504435076
2021-08-17,117.38235474348787,0.008471736996738491
2021-08-18,119.2017289048565,0.015380662974671186
2021-08-19,118.4207732433152,-0.0065731020108668065
2021-08-20,119.07934682427137,0.005545894197811032
2021-08-23,120.4799651336781,0.011693423708058084
2021-08-24,118.65673733429212,-0.015248710122619528
2021-08-25,116.90392427081595,-0.014882327151181658
2021-08-26,114.20369476698818,-0.02336878720783734
2021-08-27,113.36535400659254,-0.007367825786013046
2021-08-30,114.01359341741421,0.005701857400757015
2021-08-31,115.8714774424932,0.016163942001111684
2021-09-01,116.33283617933066,0.003973736204420089
2021-09-02,118.3369735456398,0.017080902696596935
2021-09-03,117.11442269520695,-0.010384834042829527
2021-09-06,114.89752422949604,-0.019110791202117453
2021-09-07,114.39564410520519,-0.004377635229389679
2021-09-08,114.73534514851616,0.002965127443515137
2021-09-09,114.76587776242155,0.0002660780077620963
2021-09-10,112.42350134123005,-0.02062120539884635
2021-09-13,111.8610594759812,-0.005015441474897154
2021-09-14,110.30064539315126,-0.014047783300027964
2021-09-15,110.73023703034454,0.003887168828294792
2021-09-16,111.22335230922278,0.004443416226627441
2021-09-17,110.28084494391854,-0.008510114617948063
2021-09-20,109.5290220656737,-0.0068406920969565485
2021-09-21,108.22682781323205,-0.011960273638280826
2021-09-22,107.90060038231421,-0.0030188457003878844
2021-09-23,108.87038982802721,0.008947654064934807
2021-09-24,107.99558653912749,-0.008067729650368475
2021-09-27,108.36631355382067,0.0034269192251047487
2021-09-28,107.86711876711736,-0.0046171923387034585
2021-09-29,106.91647487749378,-0.008852166790364133
2021-09-30,106.61318428428702,-0.0028407369576184047
2021-10-01,105.45524168161164,-0.010920570615717422
2021-10-04,104.64419808906813,-0.007720607176615305
2021-10-05,103.2386301221969,-0.013522900361211546
2021-10-06,105.00266986842146,0.01694267125692158
2021-10-07,105.39623842717205,0.0037411697711016026
2021-10-08,104.73966870231175,-0.006249021125705535
2021-10-11,104.83292796539784,0.000889994882201113
2021-10-12,104.73387815820733,-0.0009452815204680757
2021-10-13,104.48294860638822,-0.0023987522994258453
2021-10-14,105.07620022705375,0.005661916540549083
2021-10-15,105.99514209923655,0.008707460408582867
2021-10-18,105.61809855464266,-0.0035635193943887016
2021-10-19,104.93686232738297,-0.00647088628532454
2021-10-20,104.51328200985996,-0.004044694228581348
2021-10-21,102.05235984701346,-0.023828150493072117
2021-10-22,100.03983660260101,-0.019917540720599945
2021-10-25,101.01345312391878,0.009685234530325257
2021-10-26,102.8879396351178,0.018386724041077888
2021-10-27,103.01013852545609,0.0011869844126517945
2021-10-28,103.63036467341364,0.006002966513088023
2021-10-29,104.07829755950021,0.0043130948480529655
2021-11-01,107.42521210289266,0.03165142705416297
2021-11-02,109.32454535248644,0.017526034525178362
2021-11-03,109.56817624278605,0.002226030990228007
2021-11-04,108.57452150813516,-0.009110198207958657
2021-11-05,106.64976789068028,-0.017886502844167457
2021-11-08,106.48536994874698,-0.0015426642101612604
2021-11-09,105.65040358197054,-0.007872040294875286
2021-11-10,103.99456299599011,-0.0157969451549518
2021-11-11,102.99840482941569,-0.009625117873415625
2021-11-12,101.69447726548808,-0.012740503610827075
2021-11-15,103.1615610311226,0.014323315628560231
2021-11-16,104.37366302311457,0.011681060695206552
2021-11-17,104.60944662500407,0.002256485725875137
2021-11-18,106.21704531885561,0.015250738534075287
2021-11-19,106.623978853106,0.0038238307832912403
2021-11-22,105.7904608135193,-0.007848075856624389
2021-11-23,107.24564795939156,0.013661625601371696
2021-11-24,108.12018193005079,0.008121425557120926
2021-11-25,107.17845271526181,-0.00874817643184038
2021-11-26,106.78764171756382,-0.0036530220672041577
2021-11-29,105.77936034927338,-0.009486786947288403
2021-11-30,104.12895301846063,-0.01572535469910104
2021-12-01,104.76783097960872,0.006116704535496206
2021-12-02,106.91822348612456,0.02031750731180055
2021-12-03,105.862607900728,-0.009922174275831301
2021-12-06,106.24920856879253,0.003645257511739448
2021-12-07,105.63713691957228,-0.00577737418887038
2021-12-08,105.00240515656583,-0.006026728675421036
2021-12-09,104.25647521985795,-0.007129284977472899
2021-12-10,103.21231800915866,-0.010065764692292742
2021-12-13,103.05473654271809,-0.0015279366590102786
2021-12-14,102.17072425710643,-0.008615088495912434
2021-12-15,102.27105922244024,0.0009815505586159012
2021-12-16,102.2397618086947,-0.0003060709827681893
2021-12-17,101.98951014032028,-0.0024506946652177353
2021-12-20,101.01855276155669,-0.009565775553459525
2021-12-21,100.24561476769527,-0.0076808684163752325
2021-12-22,100.85068542320796,0.006017738574982514
2021-12-23,101.47919280078908,0.00621271959124031
2021-12-24,100.61695396050685,-0.00853300852973745
2021-12-27,100.54521162443228,-0.0007132786516552312
2021-12-28,101.28909032404478,0.007371215503386845
2021-12-29,99.75916178709998,-0.01521980971053635
2021-12-30,99.9978353269869,0.0023896399816920808
2021-12-31,99.38490385380331,-0.006148309593120052
2022-01-03,99.83078015947602,0.004476324767307583
2022-01-04,99.16044824575133,-0.006737326611963652
2022-01-05,97.25563665258949,-0.01939628632903792
2022-01-06,95.31510138149847,-0.02015468164463921
2022-01-07,94.97732441584144,-0.0035500868623140223
2022-01-10,95.15673558837675,0.0018872076447520145
2022-01-11,94.33569610138052,-0.008665724722093683
2022-01-12,94.77564199982773,0.004652779643355003
2022-01-13,93.30071680506352,-0.015684644694018597
2022-01-14,92.94705813529175,-0.003797726925276885
2022-01-17,91.75852116121823,-0.012869707382679944
2022-01-18,90.92800629263735,-0.00909230255455758
2022-01-19,90.80583811505504,-0.001344473797747376
2022-01-20,90.0036793849164,-0.008873028412389
2022-01-21,89.49926298339197,-0.0056201611247760535
2022-01-24,90.30287392167739,0.008938895867189194
2022-01-25,89.94408025908214,-0.003981139521793648
2022-01-26,90.62669713316647,0.00756069321629269
2022-01-27,89.74424565810021,-0.009784929903317642
2022-01-28,90.04458764071411,0.0033410557984892993
2022-01-31,91.41310630917769,0.015083897366276864
2022-02-01,89.4508397395082,-0.021699665528017522
2022-02-02,88.35654815213671,-0.012308885660308272
2022-02-03,88.64939928116141,0.003308944139743746
2022-02-04,88.52815094132362,-0.0013686650324811775
2022-02-07,88.83301015434303,0.003437725727216853
2022-02-08,88.35881877784989,-0.005352306721714836
2022-02-09,88.34074563992463,-0.00020456346961396788
2022-02-10,88.19971764066223,-0.0015976850478435884
2022-02-11,89.20722599893757,0.011358283607029356
2022-02-14,89.63787210462021,0.004815865154418003
2022-02-15,90.02767383016584,0.004339199651635622
2022-02-16,89.73547540432537,-0.003250929730897549
2022-02-17,89.24094261011129,-0.005526248186904445
2022-02-18,88.75760374045053,-0.005430831515577099
2022-02-21,89.01166742073188,0.0028583551206675484
2022-02-22,88.68841588503159,-0.00363817378406912
2022-02-23,88.88108882681313,0.002170113812150305
2022-02-24,90.78439653679725,0.02118803074888445
2022-02-25,91.96759435390828,0.012948853184093815
2022-02-28,91.90595399589316,-0.0006704646848596485
2022-03-01,93.00412633065702,0.011878046284667518
2022-03-02,92.84567598740684,-0.0017051444732820104
2022-03-03,90.94149999484968,-0.02072227424643494
2022-03-04,89.65698621137538,-0.014225317958461029
2022-03-07,87.74528615183922,-0.02155298280195076
2022-03-08,87.06129496712391,-0.00782573140080324
2022-03-09,86.94114956183714,-0.0013809624882651311
2022-03-10,88.38653407497937,0.0164881806250998
2022-03-11,88.9688704598613,0.006566909862661587
2022-03-14,88.890823557687,-0.0008776233155563251
2022-03-15,89.615423842672,0.008118531148723627
2022-03-16,87.79809465234229,-0.020487646860334125
2022-03-17,87.64533751643782,-0.001741383790981166
2022-03-18,88.29282001734265,0.007360375180673435
2022-03-21,87.12509882546976,-0.013313787421663729
2022-03-22,87.89296666684174,0.008774782947736546
2022-03-23,88.34589254687575,0.005139920664491451
2022-03-24,88.07025180693347,-0.003124895006109722
2022-03-25,88.57393718517925,0.005702839659840904
2022-03-28,90.7115913870547,0.02384749651001214
2022-03-29,91.31118698069737,0.0065881618525873795
2022-03-30,91.65881476653423,0.003799838233520837
2022-03-31,91.30810043029467,-0.0038336413486982734
2022-04-01,90.46602220176088,-0.009265171964387574
2022-04-04,91.0514433836772,0.006450323772564942
2022-04-05,90.39182981781194,-0.007270773504575684
2022-04-06,90.32510078738362,-0.000738492328721212
2022-04-07,89.88140866549405,-0.004924272933395409
2022-04-08,90.22405382188687,0.003804943670784837
2022-04-11,90.59451527273629,0.00409760978702645
2022-04-12,91.61441193031209,0.011194921399984284
2022-04-13,91.35266127029003,-0.0028611797085506133
2022-04-14,91.05433623304341,-0.003270985294643835
2022-04-15,90.1085086306587,-0.010441834216751841
2022-04-18,89.52190071957698,-0.0065312994441114845
2022-04-19,89.74300101120484,0.0024667450416262253
